UCEwmUXNK69iAugMEahY7glA,u12486
UCaPQb6zHlBXzdMW_QzKh1Kw,__angoo
UCYJlyU_Lf33eqp6KWYONTGg,__kindacool
UC0BPsIEZ5cMuedvzQO3J1jw,24x01
UCk3bmbMO_M8qrpCFHTU__AA,4delight
UC4u2X5QolYdz4faUfKRm3_w,72sectv
UCz1A9dqnK1fS0f92OG_voEw,8beube8
UCkmzHPB67JpEf2S5Ux9bfDg,acau1197
UCNm8ShHtwOPFl3Y375AHeUA,April.ASMR
UCjCDp8b2wtGIiaC3ZqKomSQ,asmrsoupe
UCQdekhc-rky81G-0Xfng4lg,autosonics_k
UCTfcXAPxCIn8fyKrRDqQ6dA,babzi_asmr
UCZ9vdyLmGse1LRHEY1HNYig,bbc0526
UCo1FPeP7toPbyxMs18Di0VQ,becky.tommy
UC-Ju7Rpx4V9XsrLh2DXh9tw_3,bellaluv90
UC-Ju7Rpx4V9XsrLh2DXh9tw_1,bellawithlucas
UCxmBxNybpaLO7x61dm0oD8w,bigmintv
UCFUpTxU3nlGed-suY-FjjxA,blueskyh2
UC0L2FaavWKVvAuXZi1oPFWQ,bnatv1004
UCVE-zq_yK_InhsVaJPQEttw,captainramy
UC8cscgG12KkR7-cOitqYQcg,cargirlmedia
UCacrG7qkY0tNtR5s4Fe_FXg,chuther_moon
UCJCNS4-1Bff7H2fzuUCZzig,classsytv
UCDVQ0yDp7Bu-BxEfelTHL8g,coach_leesam
UCI5NWzolgDXp6-zeZ3wQ88A,coco20002
UCkGLGs2ZCNRSlOs9s-8S_qA,cornu_ryu
UCBI8xZYkJJIec2-gyX7KcpQ,cuckoocrew
UC4ZOrJ0xNrUsVdX64M8atHQ,dada_living
UCzuVLt12gtYVshSV7s-JfZQ,danse_jin
UCWANsSFCEEeWhm_-m4T7GGg,dasurichoi_
UCJQDi71H00IXCQbxAtFem3Q,dctube601
UCCUfsf35PukA4gEsU2hTtQg,ddantgong
UCzxwychp2Jv_scCVwPj2Zaw,deejaysoda
UCSw7Ts6UNnjnuzpwvUC6QTw,diana_kct
UC2dajIvSk458lj-0GNULGeA,dingo_movie
UC9rpMzC-SjMSrxhQElZDzTw,djgreat77
UCLlfMCCErVE5VaEyHxB5AgA,dongmin9249
UCw_VHcLeiSSXA8SSk0dbwkA,doyeong__2
UCHej63OZm3dh16McbdieEFQ,dragon_stone11
UC5Krj_2tLJgAyT7SwTsAIzQ,drgnlake
UCdqBpUglsQXOL3aBJpxnIIw,elina_4_22
UCENNpEHHCiZGb2dk1MHml7Q_1,endears_o
UCgcJ1AA_mprxc-m9iHYdrDQ,englishinkorean
UC4yq3FWEWqMvFNFBsV3gbKQ,euddeume_
UCS5qmPFj36fK7fML6gYcZSQ,eunbar
UC_stX4TOMHynzlyb5UTpSPg,fairy_tina_
UC9JlObZnbOirT4_iyPGrdcw,flowervin7
UCBlkpX--7ZD73URbSC1oWRw,funguypiano
UCaHGOzOyeYzLQeKsVkfLEGA,G_movie__
UC47HAkQ6oZ-Hf5SVBGdvP6g,gabiekook
UCuLHDMXUqV5JR8Qv-FpwF8g,gagkimminkyoung
UC24BfKRQk_5uZomn0DxW2Ew,gdsfamily4
UCyTQoMLiPfsRLHBJBtMXKYg_2,geekble_easyone
UCtCnnCUn9IDDQRU9_04JD3g,gjqm056
UCpcft4FJXgUjnxWoQYsl7Ug_1,gomongtube
UCpcft4FJXgUjnxWoQYsl7Ug_2,gomongyoutube
UC_pjuSgLRvGFAsita_Dvsiw,gonago
UC24ZdEFJvYvQwqnWJodWzng,h_ue_
UCKKWrryb2_JKVGzrib29y9A,hae.um
UCW-rU_ZE4dAKDejWdTAKmoA,haneulina
UC-IBt8pM8hWx8wiwjcDLdIQ,hansangki0755
UCdtRAcd3L_UpV4tMXCw63NQ,health__keeper
UCoc7dhgfCpAMMB6UNEdTtJQ,hi_bambigirl
UCtwxuughKbSAV0e4bnz4ORg,hong_cinema
UCDzpa0rTkUzxhE6h6fMKOQA,honza_nam_ytb
UCp94pzrtA5wPyZazbDq0CXA,hoo.4u
UCP7p2SX81x6hEXnmVDCPR7g,hoon2136
UCYJDUekoQz0-bo8al1diLWQ,horseking123
UC5Ida86tt8QKa4Myw7idxNg,hotdog_tv_
UC-6FxcmnbyVeZaYc025I_xQ,hun1188
UCYiKn75j-BTqfWUh1Swew0Q_1,hyeriss22
UCuD_5vico-nuukZPXGrNYlQ,hyesunee
UC5FOkD_OiUjgCOawXaK0wCg,hyo_joo
UC_iY5S04dzWViz6cOgSUpjQ,hyokfork
UCG0JecZ4QvGGfO-asHGhCIA,iluliy
UC9gW47NqzI1x7e8qsflvUUw,its.hanbyul
UCM_4wLKpZQN16qdjcSnoHkg,itselisebear
UCDMLdKoalJdyqKto6KahNGg,itsjinakim
UCwjC8HF8XvKao88oJdCmJ5Q,jaelimize
UCZSCOFQpUAN9pCdSwzBRs7g,jarring_tv
UCyTQoMLiPfsRLHBJBtMXKYg_1,jaykeeout
UCUsfRCHj5U1wAJEJiQpPLPw,jjeuneu
UCIB_oNqi62rKnPFb3Toaozw,jk_tv
UCYAvG7-sBBztgDtwKil1RTQ,jmtvinsta
UCUfqoN5sUGAVXcmEe3CHKEQ,jojae____altong
UCENNpEHHCiZGb2dk1MHml7Q_2,joongwoojo
UC22gayxEPsQLhZXpHDjS8Qg,josh_bamui
UCbDeLCyqxaZnLZDYpd5rnrA_2,jung_g_o
UCJCqV1PsakBbjD0DI6KJIgQ,jwvid
UCEzfaLiOfdvV8V44pzGGdrA,k_yu0127
UCFhvPGzMa67wJTx_wiVIcSQ,kb0780
UCwvuDW6OjHyAcQUms9X31dg,kiddy42815
UCRhdSOsdo7upnTIP7tObYnw,kimbbomami
UCWuWpKhbGev8Za4J-jfdSXw,kisy0729
UCY1Q5h_nPk3onGmTcepLorg,kkssd1121
UC3l1qgrRx8vPan82wDc3kNg,kobejeans
UCOMG2V-vUgYX0aHiBDbBTyg,kokomimi77
UCybPxZoFDPR1qbN04daAc2g,koktv_official
UCbfRcXCHe5I2RI6F8XIUQng,koon1716
UCN8CPzwkYiDVLZlgD4JQgJQ,korea_grandma
UCB9etEztDELjmiVu8kP5R-g,KoreanBilly
UCHqvLC2ilL2M4_SpoFiWtuQ,leeseol00
UCip2Wb2oWTMVvCaVPherr3Q,life.kimiforest
UCFzE-bjCCY-F5wmiRS2NuRg,lovelyswimmer
UC-Ju7Rpx4V9XsrLh2DXh9tw_2,lucas_d.h
UCxp9XKFw-lMTlIa_2yrfdqQ,magicianjhl
UCVIZWeFmvOhCjJy4tZqertw,mate_postit
UC1r112Pr9Ngcg2NtcE946HQ,matsangmu
UChWJavW1PbvAkPTcB06EeIg,maxtrong_kiho
UCnaGfDaiM-pM1l-SXYpq37Q,mikyungkim_kr
UCiiC3grOarOVIg5LZgXJnWw,minhotaurs
UCQeXy0FwvVQD1o0axg6x42A,minhwa.g
UCNAA9T4V8AsCSfbSBlfeDrw,miniyuasmr
UCT4rIm6Ibb-Jb8Vj23Ur3BA,minjiteacheskorean
UCzlZ-o36GFz_hTB2br_Noow,minni__world
UCm-4I6ACQ9qFj-M_8xynf5g,mjangarax
UCtJpqaQ0XAmX5uYZ48crOdQ,moayowagon
UCxgAdCqJvjvrF7LNqSAgzSg,mom_zzz_official
UC9nFMAQcn0bqIrEV9vUdU1g,monkey.d.kihoon
UCaWOQq12LbtZ8n02lTYBbuA,nalaridave
UCOHDZh9KGoFxmqq6tg-Cykg,oe_day
UCCjJV_nxuPQ_fWGkAkA46fA,official_ripple
UC8av1CNslnPQS3N08rkzzhQ,ogana_
UCvdvPu_7TTcrZz1nGh98Sqg,omarinrainbow
UCSn90DAxCF3yRs6mFK0-8TA,on_do__
UCVK9-qNbd4gi_UTby532B7Q,oneear2017
UCrBpV_pG2kyMMEHCMTNzjAQ,owlsreview
UCb_GEWOGkCTXawWZKDtALwg,pBdj76iwFvDX
UCkQWAIUktzea2l8xT1GyVSg,pik4chu_44
UCCcE8BpgFqKRP3au8tEUrAw,powermovie
UCnNfsLEukKS1ExbQ4HyGjBA_1,psj9434
UCa_ZCXMQ57PDcpE_3tPOW1g,rappeler.iam
UCkQCwnkQfgSuPTTnw_Y7v7w,real_quaddurup
UCLvaHVogti2o0AkXoNZzeKA,redhatsg
UCqeOY0kedIjM9cfuBes4BSQ,redtomatotube
UCse0BZUEgpbPyyt-S9iqttw,rheehye
UCgES377cbdgiVbLUHjHo9aA,ryuseok_bike
UCZUjLw9C0Tt3VECAhQO9buA,sanggung4
UC_AIPNN0uH7H7p9e8lnVMVQ,selfacoustic
UC8valWz_8jFnX4tMGCeC62w,seokgguchookggu
UCsU2RlGgybcLzfmBqnTx-Rw,seon_y_j?hl=en
UCYykroDCvkyslfYNvJtencA,seonminj
UClfR70cO8tFZHNCbBZsMw0Q,seoulian.h
UC5aNQ65ADb02zEJxzb_zmYQ,seoyoungchoi_
UC0ssa8zC_3oif4iZcUe5VUg,serim.hong.50
UCvvsOdnAQH4fl50DY17eV1A,showbox.movie
UCNm6slF7eLVBZy1rG5zYRPA,silv2a
UCWJBrDmcddN9KCrXBHpWmCA,simzzangolf
UC79hJz6y1EEiIkwfHOuWC4w,siseonplay
UCPVjwwmDpE6f3n9Ck2oaNTw,smitruti1010
UCmgRYMK5d65PbjN8qkjAUBA,snceckie
UClSFlUAMQ-Yv002g8LlCqgQ,sojin282
UCW_WhXrfK3uPgljcdjFbsbg,songdaeik
UCY2wHBgv2W30w6lqoLxq99g,sonypictureskr_official
UCYiKn75j-BTqfWUh1Swew0Q_2,soomikang12
UCZe_uzZ6VLMXtwW2V9-VvpQ,sophie.h.k
UCPpYonu8HMQCvNVcG2xYgwA,soy_asmr
UCnNfsLEukKS1ExbQ4HyGjBA,summe_reum
UCFIeZnCOh_7JZAgJB3XaLXw,sungmyoungjun
UC9edwufjEirbl9-2vns43VQ,susansan0414
UC_FPZVB4NDds9JUEOjmI5cQ,suzevi_asmr
UCTX6zjf3dY_UEg7QuXEFkWQ,tagger.official
UCZTjbqrV3s1zIWfEqliBhYA,take_jung
UC2QeHNJFfuQWB4cy3M-745g,take_jung
UCrEhjhZS6XUaZQ0_xgKPkRQ,the__scoop
UCJKZoVf3RIMfFffjdseqdEg,the_edit.co.kr
UCSQ55iSysqYErLRDC6ARi9w,tikitik.official
UCJfthTE-ACoZJPVgwyw_hsw,twdholic66
UCxx7UvIhPkEQxaplaWS2hLg,twitch.seungdal
UC_0oo0GPlDUU88ubLDnJkSQ,underkgshow
UCwYosniCbUHMyj6HWOlZd9w,uno_asmr
UCxeWKVovE_mKNRCwAlpL87A,usona_official
UCuSaFvVbK9QpZlbn8Vf34RA,videovillage_official
UCDdvY2ntkRKaul_OQT89jAQ,vnjenny7
UCW61wo97HWu_TmmJEOiflrw,votrechaleur
UCOHYlves6oxhyIQBRIIpPTQ,wadism
UCbOwqHbQf0uspeRe7lY8e6Q,wt830
UCexnMWt_GyyAIkLCn7x36nw,xx_jdh
UCMA_DTVCzlALpD8hfGmYAlg,xxdmsdudxx
UCjypzyxU_p0_0ElbWSi8QQw,y.zzu
UCO61Rl-jslhyeenfjt-NO4w,yammoo00
UCHpIHu4LzmNuD8bsE6mZLSA,yan.youtube
UCz0OvdbIh1x7va6WfCQwefA,ye_.lla
UCbDeLCyqxaZnLZDYpd5rnrA_1,yeseul0104
UCelPbnoAuzgRDFJAsJ4Du7A,yonkotv
UCgDlijNPh7yHQNv0YdL11fQ,youlakk
UCj0ElpMSiesbvyed1SZ-brw,yuferesia
UC_waGdcNiCWTv1GG9OvE23A,yuhadayo
UCoDLLyiqum2JOBI4Dty8eUA,yumcast11
UCdpeN8LUQJlDDbRZQTWJBmA,yyyyyyyyyyhk
UCcSepD5GRKpskptBW2TSKGg,zzang9daddy
UCZnrdNaOFqniv7qEEqQFvIg,choggebi