,alias,username,bio,num_of_posts,followers,following,bio_url,isprivate,scraped
0,ì¡°íš¨ì§„ & ê°±ìƒë„ í™”ì¥ìŸì´,hyojinc_,"â¤ï¸ë¬¸ì˜ : chohyojin94517@naver.com
Let's be diligent!!!!
ğŸ‘‡ğŸ»í”¼ë“œì— ì…ì€ì˜·ë“¤ì€ ì „ë¶€ íš°ë¦­ğŸ¤˜ğŸ»",1684,252174,616,m.hyolic.com,False,2019-07-13 07:10:48
1,ìˆœì´,h_ue_,,141,160047,107,www.youtube.com/channel/UC24ZdEFJvYvQwqnWJodWzng,False,2019-07-13 07:10:49
2,ê¹€ê·¼ëª…,guikkm,#ì†Œê·¼ì»¤í”Œ,534,203816,159,youtube.com/c/SKCouple,False,2019-07-13 07:10:51
3,sky inâ˜ï¸,haneulin,,174,332,1456,,False,2019-07-13 07:10:53
4,ì„ ì—¬ì •,seon_y_j,,1103,382058,294,,False,2019-07-13 07:10:55
5,"Your Korean Friend, Angoo",__angoo,"ì¸ìƒë„ ì—´ì‹¬íˆ, ë•ì§ˆë„ ì—´ì‹¬íˆ",32,12950,6,youtube.com/ì•ˆêµ¬ì •í™”TVYourKoreanFriend,False,2019-07-13 07:10:57
6,ì˜¨ë„ ON DO â„ƒ,on_do__,"ğŸ—
ğŸ‘‡ğŸ¼ì˜¨ë„ ë””ìì¸ì„ ì˜¤ë¸Œì íŠ¸ì—ì„œ ë§Œë‚˜ë³´ì„¸ìš”ğŸ’›
@ondo_design_",621,237406,243,m.insideobject.com,False,2019-07-13 07:10:59
7,ì†Œì§„ì†Œì§„,sojin282,ë¬¸ì˜ì‚¬í•­ì€ ìœ íŠœë¸Œ ì •ë³´ì— ë©”ì¼ì£¼ì†Œë¡œ ë³´ë‚´ì£¼ì„¸ìš”ğŸ˜Š,101,69223,10,,False,2019-07-13 07:11:01
8,í™ì˜ê¸°,kisy0729,"âœ§ï½¡â™¡ğ¦ğ¢ğ¥ğ¤ ğ­ğ¨ğ®ğœğ¡âœ§ï½¡â™¡
@milktouch_official
â €â €â €
ğŸğ¥ğ¨ğ° ğ¦ğšğ«ğ¤ğğ­
â–«ï¸ 7/15-17 í•˜íŠ¸ëª©ê±¸ì´ í•˜íŠ¸ë°˜ì§€ ğŸ’•",3605,740102,670,bit.ly/2K4SFPf,False,2019-07-13 07:11:02
9,Haeun Kim,sophie.h.k,"ï¼´ï½’ï½ï½–ï½…ï½Œ âœˆ
âœ± ï¼£ï½•ï½’ï½’ï½…ï½ï½”ï½Œï½™ ï½¡ ğŸ‡®ğŸ‡©
ğŸ“§ â˜œ ï¼£ï½ï½Œï½Œï½ï½‚ï½
â˜† Y O U T U B Eâ†“",324,180580,148,youtu.be/nNrv5LNKV8Y,False,2019-07-13 07:11:05
10,í˜œì„œë‹ˆ,hyesunee,"CJ E&M DIAtv í˜œì„œë‹ˆ:) <ë¶€ê³„ì • x>
ğŸŒ» í˜œë°”ë¼ê¸°ì§‘í•©ì†ŒğŸŒ»",342,147460,120,goo.gl/Xk68oD,False,2019-07-13 07:11:07
11,ì‹ ì†Œí˜„ [ ì˜ì•¼ì­ì•„ ],endears_o,"2011ë…„ 7ì›” 5ì¼ ğŸ’
ğŸ‘« #ì˜ì•¼ì­ì•„
â €â €â €
â– êµ¬ë… ğŸ·",270,179715,54,goo.gl/5dpoF2,False,2019-07-13 07:11:09
12,Serim Hong,serim.hong.50,"ìƒ’ì˜ì‚¶ serim's life
(DM í™•ì¸ ì˜ í•˜ì§€ ì•Šì•„ìš”ğŸ˜­)
.
ğŸ‘‡ ì›”ê°„ë‹¤ê¾¸ 6ì›”í˜¸ ë¶€ë¡ êµ¬ë§¤í•˜ëŸ¬ê°€ê¸°",999,88279,510,zeezeeplanet.com,False,2019-07-13 07:11:11
13,ë°•ì„ì¤€,psj9434,23,7,47116,47,m.facebook.com/yeoseok1,False,2019-07-13 07:11:13
14,ë°¤ë¹„ê±¸ Bambigirl,hi_bambigirl,,2001,85135,1,youtu.be/BDbnSqYdl4Y,False,2019-07-13 07:11:15
15,ìµœì˜ˆìŠ¬ / ì˜ˆìŠ¤ë¦¬ì•„,yeseul0104,"ğŸ€ì˜ˆìŠ¤ë¦¬ì•„ ìƒì ğŸ€
_
â–«ï¸ë¬¸ì˜(CS) : í”ŒëŸ¬ìŠ¤ ì¹´ì¹´ì˜¤í†¡ ' ë‹¥í„°ë¼ë²¨ë¥´ '
ë¡œ ì—°ë½ì£¼ì‹œë©´ ìµœëŒ€í•œ ë¹ ë¥´ê²Œ ë„ì™€ë“œë¦´ê²Œìš”!
DMì€ í™•ì¸ì´ ì–´ë ¤ì›Œìš” â™¡",468,180243,4,,False,2019-07-13 07:11:16
16,ì´ë£¨ë¦¬ ILULIY ã‚¤ãƒ«ãƒª,iluliy,"ğŸ€ê¸ì •ì ì´ê³  ì˜ˆìœ ìƒê°ì„ í•˜ë©° ë°ì€ ëª¨ìŠµìœ¼ë¡œ ì§€ë‚´ê¸°ğŸ“
YouTube_ iluliy
ğŸ’›ìƒˆì‹¹ë“¤ì—ê²Œ í–‰ë³µì„ ì£¼ëŠ” ì´ë£¨ë¦¬ê°€ ë˜ë„ë¡ í• ê²Œìš”ğŸŒ±",659,29341,197,,False,2019-07-13 07:11:18
17,PARK BYEONG CHANG,bbc0526,"ğŸ‡°ğŸ‡· 1993.05.26 (age27)
ì†Œì†Œí•œ ë°ì¼ë¦¬ë£© @bbc05261",1414,193560,1778,youtu.be/iQ-Aq68th2Q,False,2019-07-13 07:11:20
18,ì²­ì¶˜ì—¬ë½,youlakk,"TOP.1 ì—¬í–‰ìœ íŠœë²„
ğŸš¨ìš°ë¦¬ì˜ í”¼ë“œëŠ” ì—¬í–‰ë½ë¿Œë¥¼ ìê·¹í•©ë‹ˆë‹¤.
-
ğŸ“¸ì—¬í–‰ ì—í”¼ì†Œë“œë¥¼ ì œì‘í•˜ëŠ” í¬ë¦¬ì—ì´í„°
-
ğŸ“©ë¹„ì§€ë‹ˆìŠ¤ ë¬¸ì˜ youlakk@naver.com
-
ì¹˜ì•™ë§ˆì´ íŒ¨í‚¤ì§€ ì§ì¥ì¸ ver ğŸ‘‡",566,67111,2,,False,2019-07-13 07:11:22
19,ì•…ì–´ (ì§„ë™ë¯¼) YouTuber,acau1197,,139,147770,223,cafe.naver.com/bjcrocodile,False,2019-07-13 07:11:24
20,,great_b,,2,36,11,,False,2019-07-13 07:11:26
21,ë°•ì¤€í˜• god Joon Park,godjp,"Just ridin the sky blue wave of life~ GOD BLESS!!!
www.twitter.com/godjoonpark
My Youtube Channel ""Wassup Man"" ì™€ì¹ë§¨",1584,603742,126,www.youtube.com/wassupman,False,2019-07-13 07:11:28
22,ì–‘íŒ¡(ì–‘ì€ì§€),_eunz1nara_,"bjì–‘íŒ¡
ğŸ’Œí˜‘ì°¬ë¬¸ì˜ : eunz1nara@gmail.com
â¤ğŸ§¡ğŸ’›ì–‘íŒ¡ìƒµğŸ’šğŸ’™ğŸ’œ",142,497584,109,www.ì–‘íŒ¡ìƒµ.com,False,2019-07-13 07:11:30
23,ìŠ¤íŠœë””ì˜¤ ì¥ì‚ì­ˆ,studio_jangbbijju,"ì„±ë• ë³´ì¡°ì‘ê°€ê°€ ì•Œë ¤ì£¼ëŠ” Ù©(ËŠá—œË‹)Ùˆ
ğŸ’›ìŠ¤íŠœë””ì˜¤ ì¥ì‚ì­ˆğŸ’› ë¹„í•˜ì¸ë“œ ìŠ¤í† ë¦¬",60,12444,7,youtu.be/cEN00wMFB2A,False,2019-07-13 07:11:32
24,Lee Hyeon Seok,hyeonseok_bomulsum,ì•„ë£¡í•˜ì„¸ìš”~~ ì‡ ìœ íŠœë¸Œ ğŸŒ´ë³´ë¬¼ì„¬ğŸŒ´ êµ¬ë…í•´ì¤˜ì‰ğŸ˜–,133,56514,296,www.youtube.com/channel/UC9ZLv1m7QDLv991X1-p50AA,False,2019-07-13 07:11:34
25,ë°•ë¯¼ê·œ ğŸ‘¶,mingggkiiii,"ìœ íŠœë²„ ë”ë¸”ë¹„ ì…ë‹ˆë‹¤ğŸ˜ƒ
ğŸ‘ƒğŸ»ğŸ‘ƒğŸ»ğŸ‘ƒğŸ»ì™•ì½” ì‡¼í•‘ëª°ğŸ‘ƒğŸ»ğŸ‘ƒğŸ»ğŸ‘ƒğŸ»
ğŸ¤¢ë„¤ì´ë²„ì—ëŠ” ë”ë¸”ë¹„ ë°•ë¯¼ê·œ ì‡¼í•‘ëª° ê²€ìƒ‰ğŸ¤¢",264,97496,723,thechamp.co.kr/index.html,False,2019-07-13 07:11:36
26,ì • ì„ í˜¸,seonozzi,ì°½ì‘ì,81,57988,139,www.youtube.com/Seonozzi,False,2019-07-13 07:11:39
27,ì¡°ì¬ì› (èµµå®°å…ƒ),jojaewon0703,1993.07.03,138,148198,181,www.youtube.com/channel/UC2o_y872S6YvaO1K8EYnoxg,False,2019-07-13 07:11:41
28,ìœ¼ëœ¸í•œ,ddmchu,íŒ¬ë¯¸íŒ… ê³µì§€ ì˜ìƒì…ë‹ˆë‹¤,30,4901,666,youtu.be/pD4htHJo9v4,False,2019-07-13 07:11:43
29,ê°•ê¸°ì •,legend_imda,"ì¸ìŠ¤íƒ€ ê´‘ê³  ë¬¸ì˜ëŠ” DMìœ¼ë¡œ ì£¼ì„¸ìš”!
<BJâ˜…ì„ë‹¤â˜…ì˜ ìœ íŠœë¸Œ ì±„ë„>",159,36415,228,bit.ly/2nJ5uB0,False,2019-07-13 07:11:45
30,ê¸‰ì‹ì™•,schoolfoodking,,68,5294,2,,False,2019-07-13 07:11:47
31,ì—”ì¡°ì´ì»¤í”Œ [enjoycouple],enjoycouple,"ì—”ì¡°ì´ì»¤í”Œ enjoycouple (ìœ íŠœë¸Œ,í˜ì´ìŠ¤ë¶,í‹±í†¡) êµ¬ë…â™¡
ê´‘ê³ , ë°©ì†¡, ê°•ì—° ë° ì œíœ´ë¬¸ì˜ëŠ” ë©”ì¼ë¡œë¶€íƒë“œë ¤ìš©â™¡",263,139798,41,www.youtube.com/enjoycouple,False,2019-07-13 07:11:50
32,ë‚¨ìˆœ(ë°•í˜„ìš°),wnnw2,Youtube-ë‚¨ìˆœ ì˜·êµ¬ë§¤ì²˜-nsshop.org,37,39623,10,bitly.kr/kXXT,False,2019-07-13 07:11:52
33,ìœ ì¤€í˜¸,yuferesia,"ê¿ˆê³¼ ëª©ì –ì´ ìˆëŠ” í¬ë¦¬ì—ì´í„° ì…ë‹ˆë‹¤.
ê²°í˜¼ ì•ˆ í–ˆì–´ìš”~â¤",450,78909,518,www.youtube.com/user/nutellavoice,False,2019-07-13 07:11:54
34,ì¿ ì¿ í¬ë£¨ official,cuckoocrew,,9,6101,0,youtube.com/realcuckoocrew,False,2019-07-13 07:11:55
35,í‚¹ê¸°í›ˆ,monkey.d.kihoon,"ì•„í”„ë¦¬ì¹´bj í‚¹ê¸°í›ˆì…ë‹ˆë‹¤
ì¼ìƒìƒí™œ ê³µê°„ì…ë‹ˆë‹¹â™¡",144,122727,240,smartstore.naver.com/beautycanvas/products/4539189590,False,2019-07-13 07:11:57
36,ì†¡ëŒ€ì˜,songdaei,,3,11,2,,False,2019-07-13 07:11:59
37,ê½ˆëšœë£¹,real_quaddurup,@qdr_official,165,98821,318,,False,2019-07-13 07:12:01
38,"Jaehoon Lim, ì„ì¬í›ˆ",magicianjhl,ìœ íŠœë²„ ì œì œì…ë‹ˆë‹¤.,350,4551,299,www.youtube.com/channel/UCxp9XKFw-lMTlIa_2yrfdqQ,False,2019-07-13 07:12:03
39,ìœ íŠœë¸Œí¬ë¦¬ì—ì´í„° ìœ°ëŒ•,yumcast11,"ë¹„ì¦ˆë‹ˆìŠ¤ë©”ì¼
jw.jun@cj.net
----------------------
YOUTUBE",642,134440,76,www.youtube.com/user/yumcast11,False,2019-07-13 07:12:05
40,ì´ê½ƒë¹ˆ,flowervin7,"ìœ íŠœë¸Œ: ê½ƒë¹ˆ ê²€ìƒ‰í•˜ì‹œë©´ ëŸ¬ë„ˆê½ƒë¹ˆtv ëœ¹ë‹ˆë‹¹â™¥ï¸
ë¬¸ì˜ ë©”ì¼ : flowervin7@naver.com
#ê½ƒë¹ˆ",413,65899,52,,False,2019-07-13 07:12:07
41,,hotdog_tv_,í•«ë„ê·¸í‹°ë¹„ ê³µì‹ê³„ì •ì…ë‹ˆë‹¤.,38,2039,2,www.youtube.com/channel/UC5Ida86tt8QKa4Myw7idxNg,False,2019-07-13 07:12:09
42,ì´ì„¤,leeseol00,"#ì´ì„¤
DMí™•ì¸ì´ ëŠ¦ìœ¼ë‹ˆ
ê´‘ê³ ë¬¸ì˜ëŠ” ê¼­ ë©”ì¼ë¡œì£¼ì„¸ìš”^^
LEESEOL00@NAVER.COM / â¬‡ï¸êµ¬ë…!",1294,156012,209,www.youtube.com/c/LeeseolTV,False,2019-07-13 07:12:11
43,ê¹€ì•„ì˜(ì½”ì½”),coco20002,"ë¬¸ì˜:osio2017@naver.com
Youtube â–¼ì½”ì½”TV â–¼ êµ¬ë…",5,249748,13,bit.ly/2P9NtIg,False,2019-07-13 07:12:13
44,ìœ ì†Œë‚˜,usona_official,,16,26303,14,youtube.com/usonatv,False,2019-07-13 07:12:15
45,ë°•ì§„ì•„,24x01,"7ì›” 10ì¼ ~ 7ì›” 13ì¼
í”¼í† í˜ì‹œì•„ ìƒ´í‘¸ ê³µêµ¬ <ì¶”ììƒµ>",139,71169,173,www.ì¶”ììƒµ.com,False,2019-07-13 07:12:17
46,Sunmin_ì„ ë¯¼_Youtuber,seonminj,ğŸ‘„Music & 20's life styleğŸ‘‡ğŸ»,524,20330,236,www.youtube.com/user/jeongseonmin,False,2019-07-13 07:12:20
47,Ming Wong,1248,,0,158,104,,False,2019-07-13 07:12:21
48,í–‰ë³µì£¼ì¹˜ì˜ ë‹¨í¬ìŒ¤,kokomimi77,"í—›ë˜ì´ ë³´ë‚¸ ì˜¤ëŠ˜ì€
ì–´ì œ ì£½ì€ ì´ê°€ ê·¸í† ë¡ ê·¸ë¦¬ë˜ ë‚´ì¼ì´ë‹¤.
ì €ì™€ í•¨ê»˜ ë‹¹ì‹ ì˜ ê¿ˆì„ í˜„ì‹¤ë¡œ í•¨ê»˜ ë§Œë“¤ì–´ìš”~
#í–‰ë³µ #íë§ #ë¶€ë™ì‚° #1ì¸ê¸°ì—… #ë…ì„œ
ğŸ“ºë‹¨í¬ìŒ¤ì˜ ìœ íŠœë¸Œ ì±„ë„ 'ë‹¨í¬TV'",227,11072,4871,www.youtube.com/c/ë‹¨í¬tv,False,2019-07-13 07:12:23
49,ë‚ ë¼ë¦¬ë°ì´ë¸Œ,nalaridave,"""ë‚˜ëŠ” ìœ íŠœë¸Œë¡œ ì˜ì–´ë¥¼ ë°°ì› ë‹¤"" êµ¬ë§¤ì¢Œí‘œ ğŸ‘‡",695,12166,570,bit.ly/2J7i87O,False,2019-07-13 07:12:25
50,ì¥ë¯¼ Jang Min,mjangarax,ğŸ‡°ğŸ‡· ğŸ‡ªğŸ‡¸,503,152078,423,,False,2019-07-13 07:12:28
51,ğŸŒ™,twitch.seungdal,https://www.twitch.tv/cocopopp671,254,11969,115,,False,2019-07-13 07:12:30
52,ë¸Œë² ,8beube8,"ì•ˆë…•í•˜ì„¸ìš” ì¹œêµ¬ë“¤~ ë¸Œë²  ì…ë‹ˆë‹¹~ ì´ê³³ì— ì œê°€ ì¼ìƒì—ì„œ ëŠë¼ëŠ” í–‰ë³µí•œ ëŠë‚Œê³¼ ì—¬ëŸ¬ ëŠë‚Œë“¤ì„ ì‚¬ì§„ê³¼ ì˜ìƒìœ¼ë¡œ ì˜¬ë¦½ë‹ˆë‹¹~ #ë¸Œë² 
-ëŒ“ê¸€ ì‘ì„± ê·œì¹™ -
ëŒ“ê¸€ì€ ë‹¤ì–‘í•œ í‘œí˜„ìœ¼ë¡œ ììœ ë¡­ê²Œ ì˜¬ë ¤ì£¼ì‹¤ìˆ˜ ìˆì§€ë§Œ, íŒ¨ë“œë¦½ê³¼ ì‹¬í•œ ìš• ë“±ì€ í†µë³´ ì—†ì´ ì‚­ì œí•©ë‹ˆë‹¹~ (ë§í¬,ë¸Œë² ìƒë°©ì†¡ì±„ë„)",56,2508,3994,www.youtube.com/channel/UCz1A9dqnK1fS0f92OG_voEw,False,2019-07-13 07:12:32
53,ê³ ëª½,gomongtube,"ìŠ¤í† ë¦¬ê°€ ìˆëŠ” ëª¨ë“  ê²ƒì„ ì´ì•¼ê¸°í•˜ëŠ” ìœ íŠœë²„ ê³ ëª½
ì‚¬ìƒí™œ ì¸ìŠ¤íƒ€ -> @gomongyoutube
ê³ ëª½ í˜ì´ìŠ¤ë¶ -> ì˜¤ëŠ˜ë°¤ì—”ì´ì˜í™”
ì´ë©”ì¼ -> dl_gomong@playlistcorp.com
#ì˜í™” #ë“œë¼ë§ˆ #ì• ë‹ˆë©”ì´ì…˜ #ë¯¸ë“œ #ì˜ë“œ #ì¼ë“œ
#ë„ì„œ #ê²Œì„ #ì˜ˆëŠ¥",130,18488,1,goo.gl/8LtfY1,False,2019-07-13 07:12:34
54,ì§€ë¬´ë¹„,G_movie__,"Gë¦¬ëŠ” ì˜í™”ì±„ë„, ì§€ë¬´ë¹„ : G Movie ì…ë‹ˆë‹¤.
#ì˜í™” #ë“œë¼ë§ˆ #ë¯¸ë“œ #ì˜í™”ì¶”ì²œ
[ë¬¸ì˜]
awayout2@naver.com
[ìœ íŠœë¸Œ]",18,727,1,goo.gl/4ETvXY,False,2019-07-13 07:12:36
55,í™ì‹œëŒ€ì¥,hong_cinema,í™í™í™ğŸ™‡,21,455,1,,False,2019-07-13 07:12:38
56,í•„ë¦„ì—ë¹ ì§€ë‹¤,twdholic66,ì˜í™” ìœ íŠœë²„,0,336,52,,False,2019-07-13 07:12:39
57,ê¹€ìƒê²½,sanggung,,0,3,0,,False,2019-07-13 07:12:42
58,Sony Pictures Korea,sonypictureskr_official,"#ìŠ¤íŒŒì´ë”ë§¨_íŒŒí”„ë¡¬í™ˆ ì ˆì°¬ìƒì˜ì¤‘
#ì•µê·¸ë¦¬ë²„ë“œ2_ë…ìˆ˜ë¦¬ì™•êµ­ì˜ì¹¨ê³µ 8ì›” 7ì¼ ëŒ€ê°œë´‰
-
ğŸ‘‡#ìŠ¤íŒŒì´ë”ë§¨_íŒŒí”„ë¡¬í™ˆ Nì°¨ê´€ëŒ ì´ë²¤íŠ¸ ì‘ëª¨í•˜ê¸°",703,15248,43,bit.ly/2Jsc9dQ,False,2019-07-13 07:12:44
59,ìì·¨ë°©ë‚¨ì,honza_nam_ytb,"ì˜í™”ì†Œê°œ,ì¶”ì²œì„ í•©ë‹ˆë‹¤
â˜ºì„±ì›ì— ê°ì‚¬ë“œë¦½ë‹ˆë‹¤.DMì„ í†µí•œ ì‘ì›ì€ ë§ˆìŒë§Œ ë°›ê² ìŠµë‹ˆë‹¤ğŸ˜†
- ë‹¤ì´ì•„tv
- ë°©êµ¬ì„1ì—´
- ìœ íŠœë¸Œ ì˜í™” ë¦¬ë·°
#ìì·¨ #ì˜í™” #ì˜í™”ì†Œê°œ #ìœ íŠœë²„",183,229,0,goo.gl/SvY64v,False,2019-07-13 07:12:46
60,êµ¬ë¶ˆ,9_bul,ì˜í™”ë³´ë‹¤ ì¬ë°ŒëŠ” ë³‘ë§›ë¦¬ë·°,109,2499,1672,www.youtube.com/c/9bulmovie,False,2019-07-13 07:12:48
61,ìº¡í‹´ë¼ë¯¸,captainramy,"ğŸ“ºì˜í™” ì±„ë„: ìº¡í‹´ë¼ë¯¸
ğŸ®ê²Œì„ ì±„ë„: í™ˆê²Œì„
ğŸ’God is loveğŸ’
ğŸ“±ë¬¸ì˜: DM â˜•ì•ˆë…•, ë‚´ê°€ ë°”ë¡œ ìº¡í‹´ì´ì•¼!",219,217,103,youtube.com/c/captainramy,False,2019-07-13 07:12:51
62,ìœ ìŠ¹ì—½,powermovie,Director,46,3273,14,www.youtube.com/c/POWERMOVIE,False,2019-07-13 07:12:53
63,ë¦¬ë·°ì—‰ì´,owlsreview,"ì˜í™” ì»¨í…ì¸  í¬ë¦¬ì—ì´í„° ë¦¬ë·°ì—‰ì´ì˜ ì¸ìŠ¤íƒ€ê·¸ë¨!
êµ¬ë…ì ì—¬ëŸ¬ë¶„ë“¤ê³¼ì˜ ë” ì¾Œì í•œ ì†Œí†µì„ ìœ„í•´ ë§Œë“¤ì—ˆìŠµë‹ˆë‹¤. ì˜í™” ê´€ë ¨ ì»¨í…ì¸ ì™€ ë¦¬ë·°ì˜ìƒì€ ì•„ë˜ ì£¼ì†Œë¥¼ í´ë¦­í•˜ì„¸ìš”",42,361,53,www.youtube.com/Owlsreview,False,2019-07-13 07:12:55
64,ë¯¼í˜¸íƒ€ìš°ë¥´ìŠ¤,minhotaurs,,17,899,155,,False,2019-07-13 07:12:59
65,ì‡¼ë°•ìŠ¤,showbox.movie,ì‡¼ë°•ìŠ¤ ê³µì‹ ì¸ìŠ¤íƒ€ê·¸ë¨,25,2215,0,www.facebook.com/Showbox.Movie,True,2019-07-13 07:13:00
66,ë”©ê³  ë¬´ë¹„ ê³µì‹ ì¸ìŠ¤íƒ€ê·¸ë¨,dingo_movie,ë”©ê³ ë¬´ë¹„ ìœ íŠœë¸Œ êµ¬ë…í•˜ê¸° â¬‡ï¸,180,2011,8,bit.ly/dingo_movie,False,2019-07-13 07:13:01
67,Redtomatotube,redtomatotube,"ê¿€ì¼ìœ íŠœë¸Œ ë¹¨ê°„í† ë§ˆí† ì…ë‹ˆë‹¤ğŸ…
ì†Œì¬ ì œë³´ëŠ” briojae@gmail.com
#ìœ íŠœë²„ #ìœ íŠœë¸Œ #ë¹¨ê°„í† ë§ˆí†  #ë¯¸ìŠ¤í„°ë¦¬",595,6809,20,www.youtube.com/user/briojae,False,2019-07-13 07:13:03
68,ë„ì—½,pik4chu_44,ì„œë´„,24,756,366,,False,2019-07-13 07:13:05
69,ë‚˜í•˜ì€ (Na Haeun),awesomehaeun,"â–«ê³µì‹ ì¸ìŠ¤íƒ€ê·¸ë¨ (Official Instagram)
â–«2009.01.16/137CM,25KG
â–«í‚¤ì¦ˆí”Œë˜ë‹› ì†Œì† (KidsPlanet)
â–«ï¸í•˜ì€ë§˜ì´ ê´€ë¦¬í•˜ëŠ” ì¸ìŠ¤íƒ€ê·¸ë¨ (Managed By Mom)
â–«ï¸ğŸ•ºğŸ¾kidsdancer ğŸ‘¯â€â™€ï¸kidsmodel
ğŸ”½íŒ¬ì¹´í˜",2830,1528016,142,cafe.daum.net/Haeun09,False,2019-07-13 07:13:07
70,WAVEYA ARI,waveyaari,"âœ‰ waveya777@naver.com
â¤ YouTube :waveya2011
TWITTER @Waveya_Official",2188,177226,44,memberme.net/waveya,False,2019-07-13 07:13:09
71,ê³ í‡´ê²½(GoToe),gotoegram,"E-mail : xhlrud47@naver.com
Facebook , Twitter : GoToe
#GoToe
ğŸ‘‡Have you subscribed my YT channel yet???â˜º",616,372386,255,youtu.be/5jhgGw-V8po,False,2019-07-13 07:13:11
72,Lisa Rhee,imlisarhee,"06.15.1995
ğŸ”¹@rheesarang
ğŸ”»YouTube: imlisarhee
ğŸ‘‡ğŸ»â€Feverâ€ GFriendğŸŒ´",281,242461,332,youtu.be/YXqbDAGBXj0,False,2019-07-13 07:13:13
73,ê¹€ë³„,kb0780,"ì•„í”„ë¦¬ì¹´í‹°ë¹„BJ
ì¶¤ì¶”ëŠ”ê³°ëŒ
íŒ”ë¡œìš° ê°ì‚¬í•´ìš©
ê¹€ë³„",1284,31454,7501,www.afreeca.com/rlaquf0130,False,2019-07-13 07:13:15
74,ì¡°ì‹€ì•¤ë°”ë¯œğŸ‡°ğŸ‡·ğŸ—,josh_bamui,ìš”ê¸°ìš” íˆ¬í‘œí•˜ëŸ¬ ê³ ê³ ğŸ’•,264,14170,72,bit.ly/2XhrbrL,False,2019-07-13 07:13:17
75,ë‹¤ì´ì•„ë‚˜&KCT,diana_kct,"ì—¬ì„±ëŒ„ìŠ¤íŒ€ ë‹¤ì´ì•„ë‚˜(Diana) & ë‚¨ì„±ëŒ„ìŠ¤íŒ€ KCT í˜ì´ì§€ì…ë‹ˆë‹¤.
ë§¤ì£¼ ì¼ìš”ì¼ í™ëŒ€ ê±·ê³ ì‹¶ì€ê±°ë¦¬ ê³µì°¨ ì•
ì˜¤í›„5ì‹œ30ë¶„~9ì‹œ ëŒ„ìŠ¤ë²„ìŠ¤í‚¹
ìœ íŠœë¸Œ, í˜ì´ìŠ¤ë¶, ì•„í”„ë¦¬ì¹´TV â€œë‹¤ì´ì•„ë‚˜â€ ê²€ìƒ‰",54,5494,12,www.afreecatv.com/jumki18,False,2019-07-13 07:13:20
76,GOD DONGMIN(ê°“ë™ë¯¼),dongmin9249,"ê´‘ê³ &ì„­ì™¸ ë¬¸ì˜ëŠ” ë©”ì„¸ì§€ ì£¼ì„¸ìš”.
â€¢Dancer & GDM crew Leader
â€¢Youtube: http://youtube.com/GodDongMin
(Subscribe to my channel)
â€¢Facebook:í™©ë™ë¯¼(ê°“ë™ë¯¼),Hwang Dongmin",414,20821,57,m.afreecatv.com/ehdals1362,False,2019-07-13 07:13:21
77,íš¨í¬í¬í¬,hyokfork,ì•—! ì´í•œê²° ì´ëª©êµ¬ë¹„ ë‚´ ë¯¸ë˜ë³´ë‹¤ ëšœë ·í•˜ë‹¤!,55,52324,315,,False,2019-07-13 07:13:24
78,Dasuri ChoiğŸ‡°ğŸ‡·ğŸ‡µğŸ‡­ ìµœë‹¤ìŠ¬,dasurichoi_,"Inquiries: Phoi Chan (+63) 9985641578
Latest YOUTUBE video here ğŸ‘‡",468,132490,1187,youtu.be/-_iXCJsQg8k,False,2019-07-13 07:13:26
79,Yu Kagawa ì¹´ê°€ì™€ ìœ ,k_yu0127,"Dancer / YouTuber
#Business #ë ˆìŠ¨ë¬¸ì˜ â†’DM
ğŸ“(Sat) 3pm~ @feedbackstudiokr

PepeğŸ•@todayspepe
â˜ŸYouTube channel",282,25575,80,www.youtube.com/yukagawa,False,2019-07-13 07:13:27
80,Danse Jin (ì¶¤ì¶”ëŠ”ì„ ì§„ì´),danse_jin,"í•œêµ­ì˜ˆìˆ ì¢…í•©í•™êµ ë¬´ìš©ì› ì°½ì‘ê³¼
Beauty/Dance/Vlog Creator
Youtube â€œì¶¤ì¶”ëŠ”ì„ ì§„ì´â€
ğŸ’ì²­í•˜ ì»¤ë²„ ë©”ì´í¬ì—… ë³´ëŸ¬ê°€ê¸°ğŸ‘‡ğŸ»ğŸ’",239,15812,139,youtu.be/ZHK3aTGJbQY,False,2019-07-13 07:13:29
81,í”Œë ˆì´ë¦¬ìŠ¤íŠ¸,playlist_studio,"Playlist for our lives, PLAYLIST
ìœ íŠœë¸Œ, í˜ì´ìŠ¤ë¶, ë„¤ì´ë²„TV, Vì—ì„œ ë°©ì†¡ ì¤‘!
.
ğŸ”´On-Air
__ìˆ˜, í†  ì €ë… 7ì‹œ [ì—°í”Œë¦¬ ì‹œì¦Œ4]
__ëª©, ì¼ ì €ë… 7ì‹œ [ì—ì´í‹´ 2]
.
ğŸ‘‡ì§€ê¸ˆ ë³´ëŸ¬ ê°€ê¸°",766,538030,104,www.youtube.com/channel/UCid83oPnsL-4ZEo8CyQr6Rg,False,2019-07-13 07:13:31
82,ì—„ë§ˆê°€ ì ë“  í›„ì—,mom_zzz_official,"Pikicast ì‹ ê°œë… ë¨¹ë°© ASMR [ì—„ì í›„ğŸ½]
â–¼ì—„.ì .í›„ ì½˜í…ì¸  ë³´ëŸ¬ê°€ê¸°â–¼",84,18541,1,bit.ly/2S6fEKI,False,2019-07-13 07:13:33
83,ì½¬TV,koktv_official,"ğŸ“ì½¬TV ê³µì‹ ì¸ìŠ¤íƒ€ê·¸ë¨ ë§ì´ ë§ì´ ì‚¬ë‘í•´ì£¼ì„¸ìš”
.
#ì¼ì§„ì—ê²Œì°í˜”ì„ë•Œ ğŸŒŸ7ì›” 30ì¼ ì²«ë°©ì†¡ğŸŒŸ
ë§¤ì£¼ í™”ìš”ì¼ ëª©ìš”ì¼ ì˜¤í›„ 6ì‹œì— ë§Œë‚˜ìš”â¤ï¸
.
ğŸ‘‡ì½¬TV ë§Œë‚˜ëŸ¬ê°€ê¸°ğŸ‘‡",510,9824,81,bit.ly/KOK_Subscribe,False,2019-07-13 07:13:35
84,í‹°í‚¤í‹± TIKITIK,tikitik.official,"ì˜¤ëŠ˜ì´ ë¬´ëŒ€ğŸµ
ğŸ¹ì‹ í˜: @project_sh ğŸ­ì„¸ì§„: @3jin5
ğŸ¨ì€íƒ: @wavideo ğŸ”˜ì¶”ì¶”: @choo__oong
ğŸ‘‡ìƒˆ ì˜ìƒ ë³´ëŸ¬ê°€ê¸°ğŸ‘‡",75,16736,4,youtu.be/IVobCpMYqfM,False,2019-07-13 07:13:38
85,72ì´ˆTV ê³µì‹ ê³„ì •,72sectv,"ìƒˆë¡­ê³  ì¬ë°ŒëŠ” ë“œë¼ë§ˆ í•©ë‹ˆë‹¤
ğŸ•¶ ì‹œí¬ë¦¿ ì½”ë“œ ì´ë²¤íŠ¸ ì§„í–‰ ì¤‘ ğŸ•¶
ìì„¸í•œ ì‚¬í•­ì€ ì•„ë˜ ì±„ë„ì—ì„œ",66,2491,36,www.youtube.com/channel/UC4u2X5QolYdz4faUfKRm3_w,False,2019-07-13 07:13:40
86,ê¿€í‚¤ . Honeykki ğŸ—ğŸ•¯ğŸ‡°ğŸ‡·,honey_kki,andrabbit@naver.com ã…£ DMâœ–ï¸,2082,92063,325,www.youtube.com/honeykkicook,False,2019-07-13 07:13:41
87,íŒ¬ì¼€ì´,pankinstar,Hi im pancake artist and Leo butler! ^^ (ì•ˆë…•í•˜ì„¸ìš”. ì €ëŠ” íŒ¬ì¼€ì´í¬ ì•„í‹°ìŠ¤íŠ¸ì´ì ë ˆì˜¤ ì§‘ì‚¬ì…ë‹ˆë‹¹! ^^),31,695,4,www.youtube.com/channel/UCUHO_Qus2BYhVv9_oIwfHVQ,False,2019-07-13 07:13:43
88,ì•„ë¦¬í‚¤ì¹œ(ARIKITCHEN),_arikitchen_,"ğŸ’¡ì•„ì´ë””ì–´ í†µí†µ ì¿ í‚¹!
ğŸ’œìœ íŠœë¸Œ í¬ë¦¬ì—ì´í„° #ì•„ë¦¬í‚¤ì¹œ
ğŸ’œë§ˆì¹´ë¡±ì€ #ì•„ë¦¬ì¹´ë¡±
âœ¨ì•„ë¦¬í‚¤ì¹œ ë””ì €íŠ¸ìƒµìœ¼ë¡œ ë†€ëŸ¬ì˜¤ì„¸ìš”âœ¨
â­ï¸ìˆ˜ì›ì‹œ ì˜í†µêµ¬ ë²•ì¡°ë¡œ 149ë²ˆê¸¸ 27 1ì¸µâ­ï¸
â­ï¸ì˜¤ì „ 11:00 ~ ì˜¤í›„ 7:00 (ì›”ìš”ì¼ íœ´ë¬´)â­ï¸
ğŸ™ğŸ» DM í™•ì¸ì´ ì–´ë µìŠµë‹ˆë‹¤!",1151,97299,142,www.arikitchen.com,False,2019-07-13 07:13:45
89,Gabie Kook,gabiekook,"Eat. Share. LoveğŸ’•
Lifestyle&Food Vlogger in #London
ğŸ“¬: gabiekook@gmail.com
ğŸshop linkğŸ‘‡ğŸ»",1688,221790,224,bit.ly/31Gx7Op_gabiekook,False,2019-07-13 07:13:47
90,ì–Œë¬´(YAMMoo),yammoo00,"Prov. 16:9
_
ì¸ìŠ¤íƒ€/ìœ íŠœë¸Œ ìœ ë£Œê´‘ê³ í˜‘ì°¬ ì¼ì ˆ ë°›ì§€ ì•ŠìŠµë‹ˆë‹¤.
TV ë°©ì†¡ì¶œì—° í•˜ì§€ ì•ŠìŠµë‹ˆë‹¤.
ğŸ‘‡ğŸ»ğŸ”Youtube - YAMMoo",468,73506,17,bit.ly/2wMjP35,False,2019-07-13 07:13:49
91,ë”ìŠ¤ì¿±ğŸ’– (ì˜ë ì œê³¼ ìŠ¤ì¿±ë‹¹),the__scoop,"ëŠ˜ ê°ì‚¬í•´ìš” ë§ì´
âœ¨ì˜ë ì œê³¼ #ìŠ¤ì¿±ë‹¹ @scoop_dang_bakery
âœ¨ìœ íŠœë¸ŒëŠ” #ë”ìŠ¤ì¿± @the__scoop
.
ìŠ¤ì¿±ë‹¹ ëª©ê¸ˆí†  11ì‹œ ì˜¤í”ˆğŸ™†ğŸ»â€â™€ï¸â¤ï¸
.
ë”ìŠ¤ì¿± ìœ íŠœë¸Œ êµ¬ë… ê¾¹ê¾¹ì´!ğŸ’•
ìŠ¤ì¿±ì´ê°€ êµ¬ë…ìë¶„ë“¤ í•­ìƒ ê³ ë§ˆì›Œí•´ìš”ğŸ’•
.
ğŸ’–ë”ìŠ¤ì¿± ìœ íŠœë¸ŒğŸ’–",381,44508,257,www.youtube.com/c/thescoopcook,False,2019-07-13 07:13:52
92,Kimi í‚¤ë¯¸,life.kimiforest,South Korea ğŸ‡°ğŸ‡· ì‹œê³¨ì—ì„œ ì‚´ê¸°,515,5382,32,youtube.com/kimitv,False,2019-07-13 07:13:54
93,Becky&Tommy ë² í‚¤&íƒ€ë¯¸,becky.tommy,,49,1879,84,,False,2019-07-13 07:13:56
94,ê¹€ë¯¼ê²½,gagkimminkyoung,"ë¼ë””ì˜¤ì¿¡ë°©~ ë¶ˆë©´ì¦,ë°°ê³ í””ì¹˜ë£Œ^^
ìœ íŠœë¸Œ ë¯¼ê²½ì¥êµ°ìœ¼ë¡œ ì˜¤ì„¸ìš”
ğŸ”»ëˆŒëŸ¬ëˆŒëŸ¬~â™¥â™¥",267,81069,320,goo.gl/ZZsqWi,False,2019-07-13 07:13:58
95,Hye Young Rhee,rheehye,ìš”ë¦¬í•˜ëŠ”ì—¬ì ë°ë¼ì„¸ë¥´ë‚˜ ìœ íŠœë¸Œ / ì½œë¼ë³´ ë¬¸ì˜ëŠ” chechey3@NAVER.com ìœ¼ë¡œì£¼ì„¸ìš”~DM ì˜ ì•ˆë´ìš”;)#ìš”ë¦¬ìœ íŠœë²„ #í‘¸ë“œí¬ë¦¬ì—ì´í„° #ìš”ë¦¬ì˜ìƒ #ìš”ë¦¬í•˜ëŠ”ì—¬ì #í™ˆì¿¡,1152,2407,1791,m.youtube.com/channel/UCse0BZUEgpbPyyt-S9iqttw,False,2019-07-13 07:14:00
96,YouTuber hooni,hoon2136,"ê°€ê²ŒëŠ” ì‚¬ì •ìƒ ë¯¸ê³µê°œì´ê³ 
ì˜¤ë¡œì§€ ì¼ë³¸ì¸ìƒëŒ€ë¡œë§Œ
ìš´ì˜ì¤‘ì…ë‹ˆë‹¤
ë„“ì€ ë§ˆìŒìœ¼ë¡œ
ê·¸ì  ì–‘í•´ë°”ëë‹ˆë‹¤
ì—¬ëŸ¬ë¶„ë“¤ì˜ ì´í•´ê°€
ì œê°€ìœ íŠœë¸Œë¥¼ ì§€ì†í• ìˆ˜ìˆëŠ”
í˜ì´ë©ë‹ˆë‹¤
:
YouTubeâ¬‡ï¸",308,6994,11,www.youtube.com/channel/UCP7p2SX81x6hEXnmVDCPR7g,False,2019-07-13 07:14:01
97,ì–¸ë”ì¼€ì´ì§€ (underKG),underkgshow,"underKG ê³µì‹ ì¸ìŠ¤íƒ€ê·¸ë¨ì…ë‹ˆë‹¤! ì–¸ë°•ì‹±ê³¼ ë¦¬ë·°ëŠ” í™ˆí˜ì´ì§€ì—ì„œ í™•ì¸í•´ ì£¼ì„¸ìš”.
underKG's official IG! Visit our web for #unboxing and #review for the latest tech.
#ê°œë´‰ê¸° #ì–¸ë°•ì‹± #ë¦¬ë·° #í›„ê¸°",922,15854,0,www.underkg.co.kr,False,2019-07-13 07:14:03
98,ì„±ëª…ì¤€,sungmyoungjun,"#ëª¨ë²”
#ë‚˜íƒœí•¨ê³¼íƒ€í˜‘í•˜ì§€ë§ˆë¼
#ì–´ë– í•œê²½í—˜ë„í•„ìš”í•˜ì§€ì•Šì€ê²ƒì€ì—†ë‹¤
#ë“¤ì€ê²ƒì€ìŠì–´ë²„ë¦¬ê³ ë³¸ê²ƒì€ê¸°ì–µí•˜ë©°í•´ë³¸ê²ƒì€ì´í•´í•œë‹¤
#ë§ì½”ë…¸ë˜íƒ€ìš´ #ëŒ€í‘œ
#ìœ íŠœë¸Œ #ì„±ëª…ì¤€",1408,46562,450,m.youtube.com/channel/UCFIeZnCOh_7JZAgJB3XaLXw,False,2019-07-13 07:14:05
99,JM,jmtvinsta,ë°˜ê°€ì›Œìš” ì—¬ëŸ¬ë¶„~!!!,225,12660,858,www.youtube.com/channel/UCYAvG7-sBBztgDtwKil1RTQ,False,2019-07-13 07:14:07
100,í•œìŠ¹í›ˆ,blueskyh2,ìš°íŒŒí‹°ë¹„ í¬ë¦¬ì—ì´í„°,751,27746,197,m.youtube.com/channel/UCFUpTxU3nlGed-suY-FjjxA,False,2019-07-13 07:14:09
101,ì˜¤ê°€ë‚˜ ë‹¥í„°ì˜¤ê°€ë‚˜ ë‹¥í„°ëˆê¹ŒìŠ¤,ogana_,í”¼ë¶€ê³¼ ì „ë¬¸ì˜/ì˜¤ê°€ë‚˜ í”¼ë¶€ê³¼ ëŒ€í‘œì›ì¥/(ì£¼)ì˜¤ê°€ë‚˜ì…€ CEO/ ë‹¥í„°ëˆê¹ŒìŠ¤ ë¸”ë¡œê·¸ í•„ì / ì˜¤í”„ë¼ì´ë“œ ìœ íŠœë²„,1468,389580,5303,www.youtube.com/user/MrAmorall,False,2019-07-13 07:14:10
102,ê°€ì „ì£¼ë¶€ GJJB,seoyoungchoi_,ì¸ìƒì€ ì¥ë¹„ë°œğŸ™ƒ,677,13483,431,,False,2019-07-13 07:14:12
103,ë§ë°©êµ¬ ì‹¤í—˜ì‹¤ ë”´íŠ¸ê³µ,ddantgong,"ìœ íŠœë¸Œ 'ë§ë°©êµ¬ì‹¤í—˜ì‹¤' ë° ë„¤ì´ë²„ ì˜¤ë””ì˜¤í´ë¦½ 'ì¼í…Œí¬' í”„ë¡œë“€ì„œ ì…ë‹ˆë‹¤
ë„¤ì´ë²„ì—ì„œ 'ë”´íŠ¸ê³µ' í˜¹ì€ 'ë§ë°©êµ¬ì‹¤í—˜ì‹¤'ë¡œ ê²€ìƒ‰í•˜ì‹œë©´ ì‰½ê²Œ ì°¾ìœ¼ì‹¤ ìˆ˜ ìˆìŠµë‹ˆë‹¤",195,30864,4082,ddantgong.com,False,2019-07-13 07:14:14
104,ìµœë§ˆíƒœì˜ PostIT,mate_postit,ìµœë§ˆíƒœì˜ PostITì— ì†Œê°œë˜ì—ˆë˜ ì‚¬ì§„ë“¤ğŸ’“,108,18474,130,,False,2019-07-13 07:14:16
105,ë””ì—ë””íŠ¸,the_edit.co.kr,"ì‚¬ëŠ” ì¬ë¯¸ê°€ ì—†ë‹¤ë©´ ì‚¬ëŠ” ì¬ë¯¸ë¼ë„
[ì œíœ´ë¬¸ì˜: hello@the-edit.co.kr]",699,23309,6296,the-edit.co.kr,False,2019-07-13 07:14:18
106,DRGN LAKE ï§„æ¹–æ°´ ìš©í˜¸ìˆ˜,drgnlake,"ï§„æ¹–æ°´ ìš©í˜¸ìˆ˜ : Video Artist based in Seoul
Youtube: ""DRGN LAKE""",228,6308,0,drgnlake.com,False,2019-07-13 07:14:20
107,í•œìƒê¸° Han Sang Ki,hansangki0755,,591,6397,353,www.autopress.co.kr,False,2019-07-13 07:14:21
108,Dae-Hyun Kim,4delight,"Music Producer, ceo@docob.net",1900,1257,446,docob.dk,False,2019-07-13 07:14:23
109,ë¶€ë™ì‚°ì½ì–´ì£¼ëŠ”ë‚¨ì ì •íƒœìµ,take_jung,"#ë¶€ë™ì‚°ì½ì–´ì£¼ëŠ”ë‚¨ì #ì •íƒœìµ
ì„ëŒ€ì‚¬ì—…í•˜ëŠ” ë¶€ë™ì‚°ê²½ë§¤íˆ¬ìì
ìœ íŠœë¸Œ [ë¶€ë™ì‚° ì½ì–´ì£¼ëŠ” ë‚¨ì] ìš´ì˜ì",272,1967,27,www.youtube.com/channel/UC2QeHNJFfuQWB4cy3M-745g,False,2019-07-13 07:14:25
110,DCíŠœë¸Œ,dctube601,"ì¼ë°˜ê¸°ê³„ê¸°ì‚¬/ì „ì‚°ì‘ìš©ê¸°ê³„ì œë„ê¸°ëŠ¥ì‚¬/ê¸°ê³„ì„¤ê³„ì‚°ì—…ê¸°ì‚¬/ê¸°ê³„ì‹í‚¤ë³´ë“œ/ê²Œì´ë°ë§ˆìš°ìŠ¤/ê²Œì´ë°í—¤ë“œì…‹
DCíŠœë¸Œ ìœ íŠœë¸Œì±„ë„ ì•„ë˜ë§í¬ í´ë¦­!ğŸ‘‡ğŸ‘‡ğŸ‘‡",131,263,143,goo.gl/Tk4qV1,False,2019-07-13 07:14:27
111,ì†í¬ìŠ¹,seoulian.h,ì‚¬ë¶€ì‘ì‚¬ë¶€ì‘ ì†ê¸ì •ë‹˜ğŸ˜Š #ì„œìš¸ë¦¬ì•ˆ,336,2880,363,www.youtube.com/seoulian,False,2019-07-13 07:14:29
112,Gonago,gonago,ìœ íŠœë²„ê³ ë‚˜ê³ ê°€ìµœê³ ë‚˜,638,3957,68,,False,2019-07-13 07:14:31
113,ì˜¤í† ì†Œë‹‰ìŠ¤,autosonics_k,"031 902 5257
ê²½ê¸° ê³ ì–‘ì‹œ ì¼ì‚°ë™êµ¬ ë°±ì„ë™ 1112-10 (ì¥í•­ë¡œ81)
ì£¼ì‹íšŒì‚¬ ì˜¤í† ì†Œë‹‰ìŠ¤
â—ìœ íŠœë¸Œì±„ë„â—ì•„ë˜ í´ë¦­â—",212,571,252,goo.gl/fDp2JP,False,2019-07-13 07:14:33
114,ìë™ì°¨ ì¢‹ì•„í•˜ëŠ” ì—¬ì CARGIRL,cargirlmedia,YouTuber: ìë™ì°¨ ì¢‹ì•„í•˜ëŠ” ì—¬ì CARGIRL,142,1740,109,youtu.be/UOG4gzTY6Mg,False,2019-07-13 07:14:35
115,ë¥˜ì„,ryuseok_bike,"ê°„ì ˆíˆ ì›í•˜ë©´ ì´ë£¨ì–´ì§„ë‹¤
ë°”ì´í¬ & ì¹´ë¼ì´í”„",1473,4889,86,www.youtube.com/tokyoryu,False,2019-07-13 07:14:38
116,ê¹€ë¯¸ê²½,mikyungkim_kr,"#ìœ íŠœë¸Œê¹€ë¯¸ê²½TV
#MKTV
#ë„¤ì´ë²„ì¹´í˜ê¹€ë¯¸ê²½ìº í¼ìŠ¤
#ë¹„ì˜ë¦¬ë²•ì¸ê·¸ë£¨ë§˜
.
ğŸ“Œê¹€ë¯¸ê²½ì˜ ìœ„ë¶í† í¬ì‡¼ ì‹ ì²­",1807,91071,248,forms.gle/mDJcdDcPX9676dWG9,False,2019-07-13 07:14:39
117,VIDEOCLASS,jwvid,7ì›” ì˜¤í”„ë¼ì¸ ê°•ì˜ğŸ‘,389,9017,343,vc-class.com,False,2019-07-13 07:14:42
118,Moayo,moayowagon,ì°©í•œ ì„¤ëª…ì¶© ëª¨ì•„ìš”.,33,2915,7,,False,2019-07-13 07:14:44
119,ì—°ê³ í‹°ë¹„,yonkotv,"ì—°ì„¸ëŒ€&ê³ ë ¤ëŒ€ìƒë“¤ì´ ë³´ì—¬ì£¼ëŠ” ìˆ˜í—˜/ì…ì‹œ, ê·¸ë¦¬ê³  ëŒ€í•™ìƒí™œ!
ì—ë“€í…Œì¸ë¨¼íŠ¸ ì±„ë„ ì—°ê³ í‹°ë¹„ì…ë‹ˆë‹¤ğŸ™†
(Powered by YOUNIV)
_
ğŸ‘‡ğŸ¼ì—°ê³ í‹°ë¹„ ë…¸íŠ¸ì„¸íŠ¸ ì‚¬ëŸ¬ê°€ê¸°ğŸ‘‡ğŸ¼",321,21533,16,bit.ly/2GCanGF,False,2019-07-13 07:14:46
120,ë¶€ë™ì‚°ì½ì–´ì£¼ëŠ”ë‚¨ì ì •íƒœìµ,take_jung,"#ë¶€ë™ì‚°ì½ì–´ì£¼ëŠ”ë‚¨ì #ì •íƒœìµ
ì„ëŒ€ì‚¬ì—…í•˜ëŠ” ë¶€ë™ì‚°ê²½ë§¤íˆ¬ìì
ìœ íŠœë¸Œ [ë¶€ë™ì‚° ì½ì–´ì£¼ëŠ” ë‚¨ì] ìš´ì˜ì",272,1967,27,www.youtube.com/channel/UC2QeHNJFfuQWB4cy3M-745g,False,2019-07-13 07:14:48
121,ìœ í•˜,yuhadayo,"ğŸ’Ÿìœ íŠœë¸Œ 'ìœ í•˜ë‹¤ìš”'
ğŸµì¼ë³¸ì–´ì¸ê°• @yuhadayo_japanese
â€»7/7 ì¼ë³¸ì–´ëŠ¥ë ¥ì‹œí—˜ ëª¨ë‘ ê³ ìƒ ë§ì•˜ì–´ğŸ˜ŠğŸ‘",361,6134,59,yuhadayo.com,False,2019-07-13 07:14:50
122,ê³¼í•™ì¿ í‚¤,snceckie,; Creator / Science Communicater / Youtuber,37,558,0,www.youtube.com/channel/UCmgRYMK5d65PbjN8qkjAUBA,False,2019-07-13 07:14:52
123,ì—­ì‚¬ í¬ë¦¬ì—ì´í„° ìµœí•œë‚˜,kiddy42815,"ëŒ€í•œë¯¼êµ­ ëŒ€í‘œ ì—­ì‚¬í¬ë¦¬ì—ì´í„°! ì²œì¬êµìœ¡ ë°€í¬í‹° ì¤‘ê³ ë“±ë¶€ ì¸ê°• ì‚¬íšŒâ€¢ì—­ì‚¬ìŒ¤! í•œë‚˜ì˜ ì—­ì‚¬ìŠ¤ìº”ë“¤ ì‘ê°€!! ì•„í”„ë¦¬ì¹´TV í™”ì„ BJí•œë‚˜ì…ë‹ˆë‹¤~ğŸ°
ê´‘ê³ ë¬¸ì˜ëŠ” kiddy42815@naver.com í˜¹ì€ DMì£¼ì„¸ìš”!! í•œë‚˜tv ìœ íŠœë¸Œêµ¬ë…í•˜ê¸°!!",907,17608,133,www.youtube.com/hannaTV1,False,2019-07-13 07:14:54
124,"(ì‚¬)ë°°ë‚˜ë¬´, ë°°ë‚˜TV",bnatv1004,"ë‹¤ë¬¸í™” ì •ì°© ìœ„í•´ ë…¸ë ¥í•˜ëŠ”
ìì›ë´‰ì‚¬ ë¹„ì˜ë¦¬ì‚¬ë‹¨ë²•ì¸

- ìœ íŠœë¸Œ ë°°ë‚˜TV 'êµ¬ë…'ê³¼ 'ê´‘ê³ ì‹œì²­' ë¶€íƒë“œë ¤ìš”â¤
- ë¬¸ì˜: benamu1004@naver.com",637,850,1164,youtube.com/bnatv1004,False,2019-07-13 07:14:56
125,Minji Kim,minjiteacheskorean,"I teach Korean language on YoutubeğŸ‡°ğŸ‡·
ìœ íŠœë¸Œì—ì„œ í•œêµ­ì–´ë¥¼ ê°€ë¥´ì¹˜ê³  ìˆìŠµë‹ˆë‹¤
.
ğŸ“Œ Check out my new video! ğŸ“Œ
ğŸ¬ [ MINJI ON TV!! ]â¤µï¸",346,3862,184,youtu.be/1AQPDIta1f0,False,2019-07-13 07:14:58
126,Billy Kong,KoreanBilly,"YouTuber / Video Creator ğŸ‡°ğŸ‡·Korean BillyğŸ‡¬ğŸ‡§
âœ‰ï¸ Business(ì—…ë¬´ê´€ë ¨): koreanbillyofficial@gmail.com",1826,9562,450,www.youtube.com/user/aoao35044,False,2019-07-13 07:14:59
127,Oneear,oneear2017,"My name is Junho.
I'm a full TIME Youtuber in Korea.
If you wanna see more videos of mine
check them out here :",122,588,85,goo.gl/f9OAoC,False,2019-07-13 07:15:01
128,ë‹¹ì‹ ì˜ ìŸˆë§ì„¼ì„¸,jarring_tv,"ğŸ» [ì¹´ì¹´ì˜¤TV] ìƒë°©ì†¡ - ìŸˆë§ TV ê²€ìƒ‰
ğŸ¤ì£¼ë§ë°¤(í† ,ì¼)10ì‹œ30ë¶„~
ë°©ì†¡ ìˆ˜ì—…ìë£Œ ì—…ë¡œë“œ! ì†ìˆ˜ì œì‘ ë‚±ë§ì¹´ë“œï¼ ğŸŒŸsubscribe!!
ìœ íŠœë¸Œ [ìŸˆë§ì„¼ì„¸] êµ¬ë…í•˜ê¸°â¬‡ï¸â¬‡ï¸",1428,1530,204,www.youtube.com/channel/UCZSCOFQpUAN9pCdSwzBRs7g,False,2019-07-13 07:15:03
129,ì´ì§€í›ˆ,hun1188,"Microsoft Powerpoint MVP
ìœ íŠœë¸Œ 'ì´ì§€ìŒ¤' ì±„ë„ ìš´ì˜ì
'EZì˜ ë§›ìˆëŠ” íŒŒì›Œí¬ì¸íŠ¸ ë””ìì¸ 168' ì €ì
ì‚¼ì„±,LG,SK,ì„œìš¸ì‹œ,ê³ ëŒ€,ìˆ™ëŒ€ ë“±
ê¸°ì—…,ì§€ìì²´,ëŒ€í•™ ë“± 500ì—¬ê±´ ê°•ì˜ ì¶œê°•
ê°•ì˜ë¬¸ì˜ DM ë˜ëŠ” ì´ë©”ì¼",343,919,363,goo.gl/2APxn7,False,2019-07-13 07:15:06
130,í•œì„¸,hanse____,í•œì„¸ ìŠ¤í† ì–´ ğŸ‘‰ @hi_hanse,625,297624,70,smartstore.naver.com/hanse,False,2019-07-13 07:15:08
131,ASMR í•˜ì ë¦¬ ğŸ—,rappeler.iam,ğŸ‘‡ğŸ»my Youtube channel,279,10353,1,www.youtube.com/c/ASMRrappeler20,False,2019-07-13 07:15:10
132,ê¿€ê¿€ì„ ì•„(asmr suna),ggulggulsuna,"ğŸ·í•‘ë¼ì™€ ì‚´êµ¬ëŠ”ğŸ‘‰ @pingu_pig_
ë¬¸ì˜ëŠ”ğŸ˜¬ggulggulsuna@gmail.com",165,43573,164,,False,2019-07-13 07:15:12
133,uno,uno_asmr,,23,11611,0,,False,2019-07-13 07:15:14
134,soupe,asmrsoupe,Study & Relaxation,10,988,0,www.henkelhomecare.co.kr/eventdt.do?eventno=130&s_sts=N,False,2019-07-13 07:15:17
135,Soy ASMR,soy_asmr,Soy ASMRğŸ’•,855,16988,411,youtube.com/c/SoyASMR,False,2019-07-13 07:15:19
136,ìœ ë¯¼ì •,miniyuasmr,"ASMR ì˜ìƒ ë§Œë“œëŠ” ë¯¸ë‹ˆìœ ğŸŒ™
ğŸ’Œ ë¹„ì¦ˆë‹ˆìŠ¤ Email
miniyuasmr@sandbox.co.kr",828,18886,31,www.youtube.com/user/miniyuasmr,True,2019-07-13 07:15:21
137,ê¹€ì—°ì£¼,y.zzu,"â–ªï¸í¬ë¦¬ì—ì´í„° : asmr yeonchu ì—°ì¸„
â–ªï¸ì—°ì£¼ê°€ ìš´ì˜í•˜ëŠ” ì¹´í˜ : @cafe.dearmoon
â–ªï¸ì—°ì£¼ê°€ ìš´ì˜í•˜ëŠ” ë§ˆì¼“ : ì—°ì£¼ë„¤ ì§‘
â–ªï¸ë¹„ì¦ˆë‹ˆìŠ¤ë¬¸ì˜ : DM & duswnk1002@naver.com
ã…¤ã…¤
ğŸ”»youtube link",250,11424,74,www.youtube.com/c/asmryeonchu,False,2019-07-13 07:15:23
138,ì€ì ¤,eunbar,"Eunzel ì€ì ¤
Always looking for
Something new and interestingğŸ™‚
ë¹„ì¦ˆë‹ˆìŠ¤ğŸ’ŒDM",259,9469,67,www.youtube.com/eunbioh,False,2019-07-13 07:15:26
139,,April.ASMR,ON A BREAK.,207,413597,66,youtu.be/et8_7RfDXK4,False,2019-07-13 07:15:27
140,ë°¤í•˜ëŠë¦¬ & ì†Œë…€ì˜í–‰ì„±,minhwa.g,"ë¯¸ëƒë¯¸ëƒğŸ˜¶
+
ë””ì— ì€ ì•ˆë°›ìŠµë‹ˆë‹¹ğŸ˜
ì´í•´ë¶€íƒë“œë ¤ìš”ğŸ™†â€â™€ï¸
+
ê´‘ê³ ë¬¸ì˜
girlsplanet_@naver.com",683,77919,91,www.youtube.com/channel/UC-IYpdOqjkER7B6cnChwlhA,False,2019-07-13 07:15:29
141,ë°¥ì§€,babzi_asmr,ì‚¶ì— ì—¬ìœ ë¥¼ ê°–ì.,95,15674,67,www.youtube.com/c/babzitv,False,2019-07-13 07:15:31
142,ìˆ˜ì œë¹„ASMR,suzevi_asmr,â € ì‹œë‚˜ë¸Œë¡œ ìœ íŠœë²„â¤µâ €â €â €â €â €â €â €â € â €â €,1717,1139,3,www.youtube.com/suzevi_asmr,False,2019-07-13 07:15:34
143,ì´ëª‡ëª…,chongmmyung,"ìœ íŠœë²„ ì´ëª‡ëª…ì…ë‹ˆë‹¤. ë¹„ì¦ˆë‹ˆìŠ¤ ë¬¸ì˜ëŠ”chongmmyung@sandbox.co.krë¡œ ë¶€íƒë“œë ¤ìš”ğŸ˜Š
P.s DMì€ í™•ì¸ì´ ì–´ë ¤ì›Œìš” ì£„ì†¡í•´ìš©ğŸ˜…",74,51006,0,www.youtube.com/channel/UCRuSxVu4iqTK5kCh90ntAgA,False,2019-07-13 07:15:36
144,Josh // ğŸ‡¬ğŸ‡§ ì˜êµ­ë‚¨ì ì¡°ì‰¬ ğŸ‡°ğŸ‡·,koreanenglishman,"My name is Josh Carrott and I do YouTube with @olliekendal ğŸ‡¬ğŸ‡§ğŸ‡°ğŸ‡· ì œ ì´ë¦„ì€ ì¡°ì‰¬ì´ê³ ìš”, ì €ëŠ” ì˜êµ­ë‚¨ìì˜ˆìš” ğŸ‡°ğŸ‡·ğŸ‡¬ğŸ‡§",1066,322728,266,m.smartstore.naver.com/jollymarket,False,2019-07-13 07:15:38
145,koi,redhatsg,,11,2258,28,,False,2019-07-13 07:15:40
146,ê³µë‘ë¦¬,byungsinju,"â €â €â €â €â €â €â €â €
â €â €â €â €â €â €â € â €â €â €â €â €â € ğŸ‘‡ğŸ»ê³µëŒ€ìƒ ìœ íŠœë¸ŒğŸ‘‡ğŸ»",3,839,19,www.youtube.com/channel/UChE5nZAIhWS5vYTRjsUgRpQ,False,2019-07-13 07:15:42
147,ì˜ì•Œë‚¨,yan.youtube,"ì˜ì–´ ì•Œë ¤ì£¼ëŠ” ë‚¨ì
ì˜ì•Œë‚¨ ì±„ë„ì€ ìœ ë‹ˆë²„ì„¤ ë®¤ì§, ë§ˆì´í”„ë¡œí‹´ê³¼ ì œíœ´í•©ë‹ˆë‹¤.
ë§ˆì´í”„ë¡œí‹´ ì‚¬ì´íŠ¸ì—ì„œ ì˜ì•Œë‚¨ êµ¬ë…ì ì „ìš© íŠ¹ë³„ í• ì¸ì½”ë“œ(ENGSTUDY)ë¥¼ ì…ë ¥í•˜ì‹œë©´ ë”ìš± ì €ë ´í•˜ê²Œ ì´ìš©í•˜ì‹¤ ìˆ˜ ìˆìŠµë‹ˆë‹¤.
(ì˜ì•Œë‚¨ ìœ íŠœë¸Œ ì±„ë„ì€ ì•„ë˜ ë§í¬ë¡œ)",212,10232,97,www.youtube.com/channel/UCHpIHu4LzmNuD8bsE6mZLSA,False,2019-07-13 07:15:45
148,ë°•ë§‰ë¡€ (72ì„¸) ğŸ‡°ğŸ‡·,korea_grandma,"ì—¼ë³‘í•˜ë„¤
1947ë…„ 2ì›” 12ì¼ìƒ",1262,320649,3,youtube.com/korea_grandma,False,2019-07-13 07:15:46
149,,hoo.4,,0,84,680,,True,2019-07-13 07:15:48
150,ë§›ìƒë¬´,matsangmu,êµ¼ê¸ˆí•œìŒì‹? ë§›ìƒë¬´ì—ê²Œ ë¬¼ì–´ë³´ì„¸ìš”,352,3398,9,m.ilyo.co.kr/?ac=article_view&entry_id=318444,False,2019-07-13 07:15:50
151,ê¹€ìˆ˜ì§„ (ì…€í”„ì–´ì¿ ìŠ¤í‹±),selfacoustic,"ë‚˜,ì¸„,ê¹Œë¯¸,ë‚˜ë¥´",428,6608,319,,False,2019-07-13 07:15:53
0,jay,jaykeeout,"my brand, @views__vibes",241,48971,340,youtube.com/jaykeeout,False,2019-07-13 07:33:10
1,ë°ì´ë¸Œ (Dave),daebbuing,"ìœ íŠœë¸Œ/í˜ë¶ - 'ë°ì´ë¸Œ' ! Youtube 'The World of Dave' Or 'Dave' on FB [ @catsplusme , @worldofdavehighlights ]",1539,287031,958,www.youtube.com/davetehdave,False,2019-07-13 07:33:12
2,ì˜ë í—ˆë¸Œ,gjqm056,"ì•ˆë…•í•˜ì„¸ìš” ìœ íŠœë¸Œ í™œë™í•˜ëŠ” ì˜í—ˆ ì…ë‹ˆë‹¤^ã…^
ì¹´ìŠ¤: https://story.kakao.com/ch/prettyherb
íŠ¸ìœ„í„°: https://twitter.com/herb_o56
#ì˜í—ˆ #ì˜ë í—ˆë¸Œ",942,127835,219,www.youtube.com/user/prettyherbart,False,2019-07-13 07:33:14
3,JK,jk_tv,"JK ì¸ë” ë¹Œë”©ğŸ˜
'One in a billion'
-
Co-Founder of (ì£¼)íŒŒì´ë¸Œì„¸ì»¨ì¦ˆ
#ì½”ë¦¬ì•ˆë¸Œë¡œìŠ¤ENT
#íŒ€ë¸Œë¼ë”ìŠ¤
#koreanbros
#ì•¼ì‹ ì•¼ë•",224,14288,403,www.youtube.com/channel/UCIB_oNqi62rKnPFb3Toaozw,False,2019-07-13 07:33:16
4,ë‹¤ë‹¤ë¦¬ë¹™ DADA Living,dada_living,"#ë‹¤ë‹¤ë¦¬ë¹™ #ë¦¬ë¹™
ğŸ”½êµ¬ë§¤ì¢Œí‘œ ë³´ëŸ¬ê°€ê¸°ğŸ”½ ì˜ìƒ ì† ì •ë³´í™•ì¸ğŸ”",571,23758,6,www.youtube.com/c/DADALiving,False,2019-07-13 07:33:18
5,ê³µëŒ€ìƒê°€ì¡±,gdsfamily4,ì•ˆë…•í•˜ì„¸ìš” ê³µëŒ€ìƒë„¤ ê°€ì¡±ì…ë‹ˆë‹¤,164,35389,187,,False,2019-07-13 07:33:20
6,[RIPPLE]ë¦¬í”Œ ê³µì‹ ê³„ì •,official_ripple,"#ripple ì˜ #ê°ì„±ìŠ¤íƒ€ê·¸ë¨ ì„ ì¦ê²¨ ë³´ì•„ëğŸŒŸ
ğŸ‘‡ğŸ»ë¦¬í”Œxì¼€ë¯¸ìƒµì˜ ë‘ë²ˆì§¸ ì½œë¼ë³´ë ˆì´ì…˜!ğŸ‘‡ğŸ»",50,24959,16,bit.ly/2VANbh2,False,2019-07-13 07:33:21
7,ì–‘ëµ,yd0821,"ì œíœ´/ë¬¸ì˜ : yd@ydcrew.co.kr
â¬‡ï¸ í¬ë¦¬ì—ì´í‹°ë¸ŒìŠ¤í…Œì´ì¸  (ìœ íŠœë¸Œêµìœ¡)",843,198053,156,creativestates.io,False,2019-07-13 07:33:23
8,ë¹„ë””ì˜¤ë¹Œë¦¬ì§€ ê³µì‹ ê³„ì •,videovillage_official,â–¼í”„ë¡œ ìœ íŠœë°” ë˜ê³  ì‹¶ë‹¤ë©´â–¼,726,31673,3908,younglab.samsungcard.com/event/UYLBFL0110M0.jsp?yevntSn=1339&cmpid=YL_marketer9_VVinst_190709,False,2019-07-13 07:33:25
9,ë¹…ë¯¼,bigmintv,ì‹¬ì‹¬í• ë• ë¹…ë¯¼ìœ íŠœë¸Œ,391,56412,81,youtube.com/chbigmin,False,2019-07-13 07:33:27
10,,zzang9daddy,".
.
ğŸ“¬contact_zzang9@naver.com",330,34075,29,,False,2019-07-13 07:33:28
11,ì©¡ëŒ€ (ì •ëŒ€í˜„),xx_jdh,"#ì©¡ëŒ€ #íŒ¨ì…˜ #fashion #model
ğŸ¤¹ ê´‘ê³ &ì„­ì™¸ DM
ğŸ•´ 188 / 78 / ì„œìš¸
ğŸ› ë„¤ì´ë²„ ' ì©¡ëŒ€ìƒµ '
ğŸ•¹ ìœ íŠœë¸Œ ' ì©¡ëŒ€TV '
ğŸ“± í˜ì´ìŠ¤ë¶ ' ì©¡ëŒ€ì©¡ëŒ€ '
ğŸ’» ì•„í”„ë¦¬ì¹´TV ' BJì©¡ëŒ€ '
â–¼ ì©¡ëŒ€ ìœ íŠœë¸Œ ë°”ë¡œê°€ê¸° â–¼",96,16892,163,www.youtube.com/channel/UCexnMWt_GyyAIkLCn7x36nw?view_as=subscriber,False,2019-07-13 07:33:30
12,ìµœê²¨ìš¸ '830,wt830,"ğŸˆ+82
ğŸˆcontact : winter830@naver.com",353,55187,315,,False,2019-07-13 07:33:32
13,ìœ íˆ¬ë²„ CLASSSY,classsytv,"20ë§Œ êµ¬ë…ìì˜ ì  í‹€ë§¨ ìœ íˆ¬ë²„ì…ë‹ˆë‹¤. í´ë˜ì”¨í•œ ì‹ ì‚¬ê°€ ë˜ëŠ”ë²•! êµ¬ë…í•´ì£¼ì„¸ìš” :)ğŸ”»
How To Be A Classsy Gentleman! Plz Subscribe my Youtube :)ğŸ”»",525,5187,2067,youtu.be/dgcyIjWGHMA,False,2019-07-13 07:33:34
14,ì™€ë””,wadism,ì™€ë””ì˜ ì‹ ë°œì¥ ì£¼ì¸,4478,23685,684,youtu.be/994V0LwFb6w,False,2019-07-13 07:33:36
15,ì½”ë¹„ì§„ìŠ¤,kobejeans,"ì‹ ë°œì…ë¬¸ 28ë…„ì°¨ ì•„ì¬.
ìœ íŠœë²„
ë¦¬ë·°ì–´
ê°ì •ì‚¬
ê°•ì‚¬
ì•„ë¹ ...",355,2088,150,www.youtube.com/channel/UC3l1qgrRx8vPan82wDc3kNg?app=desktop,False,2019-07-13 07:33:38
16,TAGGER,tagger.official,ğŸ‘‡ğŸ¼original contents webzine youtube ch.,250,377,42,goo.gl/FtHqYN,False,2019-07-13 07:33:40
17,,hae.um,@haeum_official,199,11925,206,,False,2019-07-13 07:33:41
18,í•œë³„ Hanbyul,its.hanbyul,BE ROMANTIC ğŸŒ¹,108,49097,74,youtu.be/5e3kEeC2vhE,False,2019-07-13 07:33:43
19,KAYA,__kindacool,kinda coolâ„¢ â€¢ Send me your love ğŸ’Œ via kindacool.made@gmail.com,771,127515,302,youtu.be/GGo2Nwp9aiI,False,2019-07-13 07:33:45
20,Jina Kim â€¢ ê¹€ì§€ë‚˜,itsjinakim,"ğŸŒI do what I love
ğŸ“© Business: itsjinakim@gmail.com
ë‚˜ì˜ ìƒê°ê³¼ ëŠë‚Œì„ ì˜ìƒìœ¼ë¡œ í’€ì–´ë‚´ëŠ” ê±¸ ì¢‹ì•„í•´ìš”.
New video â¬‡ï¸",1525,23968,1334,youtu.be/gevmkqSgpFM,False,2019-07-13 07:33:46
21,íŒ¨ì…˜ í¬ë¦¬ì—ì´í„° ë¥˜ê²½ì•„ : ë¥˜ìŠ¤íœë‚˜,cornu_ryu,"ì‚¶ì„ ì—¬í–‰í•˜ëŠ” #íŒ¨ì…˜í¬ë¦¬ì—ì´í„°
ğŸ‘¾ Fashion & Daily YOUTUBER ğŸ‘¾ ENG SUB OK",596,41197,300,goo.gl/sNCHrP,False,2019-07-13 07:33:47
22,ë°•ë¯¼ì •,votrechaleur,Contents Creator,372,54772,329,youtu.be/1Arwc2MUYBQ,False,2019-07-13 07:33:49
23,ê¹€ì˜í™” [ê¹€ë¬´ë¹„ KIM MOVIE],yyyyyyyyyyhk,youtube ê¹€ë¬´ë¹„ğŸ“¸,471,64221,493,youtu.be/BuSQVR9unWU,False,2019-07-13 07:33:50
24,ë„ì˜ë„ì˜ì´ğŸ¦,doyeong__2,Business mail : doyeong222@naver.com,470,36704,101,youtu.be/DkzUH7a1qag,False,2019-07-13 07:33:52
25,ì¡°ìˆ˜ì”ì…ë‹ˆë‹¤. (â€¢Ì¥Ì‘.Ì®â€¢Ì¥Ì‘),susansan0414,"á”•á‘Œá”•á—©á‘ ğŸ
íœ´ëŒ€ìš© CDP ê¾¸ë¯¸ê¸°â‡©",557,45204,909,youtu.be/XjEwyc49JKs,False,2019-07-13 07:33:54
26,íŒ¨ì…˜ìœ íŠœë²„ Minni (Fashion&Daily),minni__world,"ğŸ”¹Youtube : ë¯¸ë‹ˆì›”ë“œ
ğŸ”¹Videovillage Creator
ğŸ”¹KHU Business Management
.",395,14430,198,,False,2019-07-13 07:33:55
27,JAELIM ğŸ’˜,jaelimize,"âœ¨íŒ¨ì…˜ìœ íŠœë¸Œ ì¬ë¦¬ë§ˆì´ì¦ˆâœ¨
âœ¨ì˜ë¥˜ ì‡¼í•‘ëª° ì œì´ì—˜ë¡œâœ¨",1348,11844,246,jayello.com,False,2019-07-13 07:33:56
28,ì¸ë°ì´ëª¨ì–´ somedaymore,oe_day,"â–«ï¸youtube : ë€¨ìš°
â–«ï¸shop : ì¸ë°ì´ëª¨ì–´
ëª¨ë“  ìƒí’ˆë¬¸ì˜ëŠ” Q&Aê²Œì‹œíŒìœ¼ë¡œ ë¶€íƒë“œë ¤ìš”â˜ºï¸",154,35465,63,www.somedaymore.co.kr,False,2019-07-13 07:33:58
29,,fairy_tina_,"Who cares, baby
ğŸŒ·Ewha W.Univï¼šBusiness and English
ğŸŒ·English Mentor âœ‰ï¸ìˆ˜ì—… ë¬¸ì˜ DM
ğŸŒ·Podcastï¼šì§€ì§€ìµì„ 
ğŸŒ·YouTubeï¼šFairy Tina
ğŸ¬í˜„ì§ ì•„ë‚˜ìš´ì„œì—ê²Œ ì½”ë””ë°›ê¸°ğŸ‘‡",577,10833,298,youtu.be/M82Oh28PsNo,False,2019-07-13 07:34:00
30,J.Fla,jfla,"Singer/Songwriter, YouTuber",209,679866,0,youtube.com/jflamusic,False,2019-07-13 07:34:02
31,ì°½í˜„ê±°ë¦¬ë…¸ë˜ë°© & ì­ì¹´í˜,ssong.cafe,ë†€ì§€ë§ˆ ë‹¬ë ¤ë‹¬ë ¤,438,51312,70,,False,2019-07-13 07:34:03
32,Raon Lee,raon_lee,""" Korean, Music CreatorğŸ¤ ""
Every Friday, New video! Subscribe â¤
ë§¤ì£¼ ê¸ˆìš”ì¼ ìƒˆì˜ìƒ ì—…ë¡œë“œ ğŸµ
Instagram :: @raon_lee
Twitter :: @ raon_leee
.
â˜Ÿë¼ì˜¨ ê³µì‹êµ¿ì¦ˆ ë§í¬â˜Ÿ",817,413194,47,bit.ly/2Oqp7hs,False,2019-07-13 07:34:04
33,ìƒˆì†¡ Saesong,songree1,,16,86923,12,youtube.com/channel/UCyvqwwpQYUHfQhm6g4UHRsQ,False,2019-07-13 07:34:06
34,ë²„ë¸”ë””ì•„,bubbledia9273,"ìŒì•…ì´ ì£¼ëŠ” í–‰ë³µ ğŸ§
ë¹„ì§€ë‹ˆìŠ¤ ë©”ì¼ì€ ğŸ“© bubbledia@naver.com
(DM ì€ í™•ì¸í•˜ì§€ì•ŠìŠµë‹ˆë‹¤~^^)",992,37299,133,youtu.be/MT8G-z-91eg,False,2019-07-13 07:34:08
35,Dj Soda Official ğŸ‡°ğŸ‡·,deejaysoda,Follow SpotifyğŸ’š for new songsğŸ¶,2483,3220987,813,open.spotify.com/album/3BNAdVavbPC0GwmVkkPU4C,False,2019-07-13 07:34:09
36,ì œë‹ˆìœ¤(Jenny Yun),vnjenny7,"ViolinistğŸ»
ì œë‹ˆìœ¤ë°”ì´ì˜¬ë¦°í•™ì›ğŸ¶ğŸ’•
ì œë‹ˆë®¤ì§ğŸ¹ğŸ¼",1395,21375,370,www.youtube.com/vnjenny7,False,2019-07-13 07:34:11
37,Elise ğŸ»,itselisebear,"Taiwanese American. My last name means bear lol hence the ğŸ» :)
I like kpop and fashion & I like to sing n stuff on YT ğŸ¤“",384,26356,351,www.youtube.com/user/silv3rt3ar,False,2019-07-13 07:34:15
38,âœ¨Karimova Elina_ì—˜ë¦¬ë‚˜âœ¨,elina_4_22,"Business - elina0422@gmail.com | @elina_2_2
Born in UzbekistanğŸ‡ºğŸ‡¿, Live in South KoreağŸ‡°ğŸ‡·(ì„œìš¸ì— ì‚´ì•„ìš”)",186,782467,40,youtu.be/xPedhFsxi28,False,2019-07-13 07:34:17
39,Dragon Stone,dragon_stone11,"Singer-songwriter , YouTuber
YouTube â¬‡ï¸ // Available on (Spotify , iTunes)",111,56943,0,bit.do/drgst,False,2019-07-13 07:34:19
40,Jeffrey Lau,funguypiano,"Hobbyist Pianist From Hong Kongãƒ½(â€¢Ì€Ï‰â€¢Ì )ã‚
My StoryÂ·PatreonÂ·YouTubeÂ·SpotifyÂ·Sheet Music (^o^) Û¶â†“",153,20475,227,linktr.ee/funguypiano,False,2019-07-13 07:34:20
41,ë¬¸ì—ìŠ¤ë” ì¸„ë” Chuther / Esther Moon,chuther_moon,ìš”ê¸°ìš”ê¸° ë§í¬ì—ì„œ ì¸„ë”ì¸„ë” ì˜ìƒì˜ìƒ ë´ì£¼ë´ì£¼ì„¸ìšœ âœ§à¸ºï½¥ï½¡(âœªâ–½âœª*)ï½¥ï½¡âœ§,150,26454,146,bit.ly/309WZ3N,False,2019-07-13 07:34:22
0,ì˜ˆëŠ¥ì¸ìµœêµ°,koon1716,ê°œê·¸ë§¨ bj ìœ íŠœë²„ ìµœêµ°,1040,18834,0,www.youtube.com/user/chKoonTV,False,2019-07-13 07:34:54
1,ìˆœì´,h_ue_,,141,160048,107,www.youtube.com/channel/UC24ZdEFJvYvQwqnWJodWzng,False,2019-07-13 07:34:56
2,Bella&Lucas,bellawithlucas,1Piano 2People 4Hands [DUET PIANO],87,8126,2,www.youtube.com/user/kimdonghyun3013,False,2019-07-13 07:34:58
3,Michael Elliott,englishinkorean,"CalArts grad living in Seoul. One of the top ten podcasters in South Korea. YouTuber, singer-songwriter, columnist at Joongang Ilbo",190,14693,1918,www.youtube.com/englishinkorean,False,2019-07-13 07:35:01
4,ê°•ì€ì•„,silv2a,"rkddmsdk10@nate.com
Youtube>>Eunaê°•ì€ì•„
ì­ì¹´í˜ë¼ì´ë¸Œê³µì—°&ìœ íŠœë¸Œë°©ì†¡ì‹œê°„ì€
ìœ íŠœë¸Œ ì»¤ë®¤ë‹ˆí‹°ë¥¼ ì°¸ê³ í•´ì£¼ì„¸ìš”
â¤ğŸ‘‡ìœ íŠœë¸Œë°”ë¡œê°€ê¸°ğŸ‘‡â¤",115,20326,241,bit.ly/2PtDrm3,False,2019-07-13 07:35:03
5,ê¶Œìœ ê²½ ğŸ‡°ğŸ‡·ğŸ‡»ğŸ‡³,kkssd1121,"Contact ë¬¸ì˜ â€¢ DM ë˜ëŠ” ë©”ì¼ë¡œ ì—°ë½ì£¼ì‹œë©´ ê°ì‚¬ë“œë¦¬ê² ìŠµë‹ˆë‹¤ ğŸ™‡â€â™€ï¸â¤
Tiktok â€¢ ì´ìƒí•œ ê¶Œìœ ê²½
youtube â€¢ ì´ìƒí•œ ë‚˜ë¼ì˜ ê¿©ìœ ê°±
soundCloud â€¢ ê¶Œìœ ê²½",77,8422,329,bit.ly/2Fm6e8N,False,2019-07-13 07:35:05
6,tae,horseking123,hello #ë§ì™• #ìœ íŠœë²„,216,22517,663,,False,2019-07-13 07:35:07
7,ì„ê¾¸ì¶•ê¾¸,seokgguchookggu,,13,783,15,,False,2019-07-13 07:35:10
8,í”¼ì§€ì»¬ê°¤ëŸ¬ë¦¬,health__keeper,"ìŠ¤!ìŠ¤!ë¡œ! ê°€ëŠ¥í•œ ì¬í™œìš´ë™
ë¹¡ë¹¡ì´ì•„ì €ì”¨ì˜ ì²´í˜•êµì • ë£¨í‹´
ì´ê±° ì •ë§ì¢‹ì•„ ì •ë§ì¢‹ì•„ğŸ‘ğŸ»",7,3432,2310,bit.ly/physicalgallery,False,2019-07-13 07:35:11
9,ì¡°ì œì•Œí†µ ê´‘ê³ /ì´¬ì˜ë¬¸ì˜DM í˜‘ì°¬âŒ,jojae____altong,"ğŸ“ë„¤ì¶”ëŸ´ì¸ì¦ì„œë³´ìœ 
ğŸ†2019 ë¯¸ìŠ¤í„°ìš¸ì‚° í”¼ì§€í¬ğŸ¥‡
ğŸ†2019 FITNESSSTSTAR í”¼ì§€í¬ğŸ¥‡
ğŸ†2019 NICAKOREA ë³´ë””ë¹Œë”©-65ğŸ¥‡
ğŸ†2019 NICAKOREAí”¼ì§€í¬ğŸ¥‡
ğŸ†2019 IFS FITMODELğŸ¥‡
ğŸ¥Êá´á´œá´›á´œÊ™á´‡ì¡°ì œì•Œí†µ180K
#ì¡´ë‚˜ë„¤ì¶”ëŸ´
â¬‡ï¸ë¯¸íŠ¸ë¦¬56%",1196,42499,1157,metree.co.kr/index/index.php?sponsor=100099591,False,2019-07-13 07:35:13
10,ğŸ™,gamst0108,,0,34,0,,False,2019-07-13 07:35:14
11,MAXTRONG/gym wear brand,maxtrong_kiho,"ìœ íŠœë¸Œ ğŸ‘‰ í‚¤ë‹¤ë¦¬í˜• ê²€ìƒ‰
ë§ˆì´í”„ë¡œí‹´ ìµœì¢…ê²°ì œë€ì— í• ì¸ì½”ë“œ
tallguy ì…ë ¥ì‹œ ì¶”ê°€í• ì¸
íšŒì›ê°€ì…ì‹œ ì¶”ì²œì¸ 8BRF-R1
ë§ˆì´í”„ë¡œí‹´ ì¶”ê°€í• ì¸ ë§í¬ğŸ‘‡",865,7254,60,bit.ly/Tallguy,False,2019-07-13 07:35:16
12,ìŠ¬ë¦¼ì•¤íŒŒì›Œ ëŒ€í‘œ ë¦¬ìŒ¤ (ë°”ë²¨ë¼í† ë¥´),coach_leesam,"ğŸ‡°ğŸ‡· ìˆ˜ìˆ ëŒ€ì—ì„œ ì•„ì‹œì•„ì±”í”¼ì–¸ì´ ë˜ê¸°ê¹Œì§€..
ğŸ† ì„¸ê³„ ê¸°ë„¤ìŠ¤ ë³´ìœ ì
ğŸ—£""ë‹¹ì‹ ë„ í•  ìˆ˜ìˆìŠµë‹ˆë‹¤.""
ğŸ”#ë‹¤ì´ì–´íŠ¸ #ê°ë™ì‹¤í™”
ğŸ‘‰ @slimnpower
#ë¦¬ìŒ¤ì² ë´‰ ì§ì ‘ì œì‘#ì¹˜ë‹ë””í•‘ #ê°€ì •ìš©ì² ë´‰
ğŸ‘‰ @barbellator_official
â¬‡ï¸Youtube",685,18896,4676,goo.gl/jXRfqG,False,2019-07-13 07:35:18
13,ê±°ì œí­ê²©ê¸°(ê¹€ì˜í™˜),djgreat77,"ì•„í”„ë¦¬ì¹´tv BJê±°ì œí­ê²©ê¸° (ìŠ¤í¬ì¸ )
ìœ íŠœë¸Œ ê±°ì œí­ê²©ê¸° ê´‘ê³ ë¬¸ì˜ ì¹´í†¡djgreat7",120,36905,1937,www.youtube.com/channel/UC9rpMzC-SjMSrxhQElZDzTw,False,2019-07-13 07:35:20
14,ì‹¬ì§±ê³¨í”„,simzzangolf,"ê³¨í”„ë¥¼ ë”ìš± ë” ì¦ê²ê²Œ! ì‹¬ì§±ì…ë‹ˆë‹¤
ê¸¸ê°€ë‹¤ ë³´ë©´ ì‚¬ì§„ ê°™ì´ ì°ì–´ìš”^^
DM ì½ì§€ ì•ŠìŠµë‹ˆë‹¤. ë¬¸ì˜ëŠ” ì‹¬ì§±ë‹·ì»´",264,8257,9,www.simzzang.com,False,2019-07-13 07:35:23
15,ë°•ì§€ì€JJ,jjeuneu,"ğŸ‘‘Salon De Fit ëŒ€í‘œ
ğŸ‘‘(ì£¼)SDF CEO
ì „í˜€ë‹¤ë¥¸ ì—¬ììš´ë™! jjeuneuì¹´í†¡
#ë¸”ë¡œê·¸ : ì œì´ì œì´ ë‹¤ì´ì–´íŠ¸
#ìœ íŠœë¸Œ: ì‚´ë¡±ë“œí• ì œì´ì œì´
ğŸ‹ğŸ»ì—¬ì í™ˆíŠ¸ë„êµ¬ëŠ” â€œVEEKâ€
ğŸ‹ğŸ»â€VEEK í™ë”¥ë°´ë“œâ€
ğŸ° ì‹ë‹¨ì€ #í”„ë¡œí‹´ì‰¬í°
ğŸ“²ëŒ•ëŒ•ê³„ì • @golden.pudding",2355,95891,74,www.proteinchiffon.com,False,2019-07-13 07:35:24
16,Euddeum shim,euddeume_,"Pilates Instructor / Youtube creator
DMğŸ“© only business contact (ì§ˆë¬¸ ì•ˆ ë°›ì•„ìš”ğŸ™…ğŸ¼â€â™€ï¸)
Youtube link ã„±",898,267480,195,youtu.be/o7gyOa_8ct4,False,2019-07-13 07:35:28
17,Ko Hyojoo,hyo_joo,ê³ íš¨ì£¼ é«˜å­å‘¨ | @hyojooslife | Longboard | Rollerskate | rgsg.hyojoo@gmail.com,232,565484,370,www.youtube.com/hyojooko,False,2019-07-13 07:35:30
18,Lovely swimmer ì´í˜„ì§„,lovelyswimmer,"- ğŸ‡°ğŸ‡·Youtube creator ğŸ‘‹ğŸ»
- @TeamLUS Coach ğŸŠğŸ»â€â™€ï¸
- Gopro Ambassador ğŸ’™
- Nike swim AmbassadorğŸ’›
- F - team (Funkita)
- Waterpolo player ğŸ¤½ğŸ»â€â™€ï¸ğŸ‡°ğŸ‡·",717,34576,113,www.youtube.com/c/LEESUMMER,False,2019-07-13 07:35:33
19,"ìŠ¤ë¯¸í™ˆíŠ¸ ""ìŠ¤ìŠ¤ë¡œ ë¯¸(ç¾)ë¥¼ ê°€ê¾¸ì–´ë¼""",smitruti1010,"ì•„ë“¤ë‘˜í‚¤ìš°ë©° ë§‰ë‚´ë”¸ ê°€ìŠ´ì—í’ˆê³  ìš´ë™í•˜ëŠ” ì—„ë§ˆğŸ’•ìŠ¤ë¯¸
ğŸ´ìŠ¤ë¯¸ì‹ë‹¨ğŸ‘‰ğŸ¼@smitruti_food
ğŸ›’ìŠ¤ë¯¸ë§ˆì¼“ğŸ‘‰ğŸ¼@smi_market
ğŸ‘–ë ˆê¹…ìŠ¤ğŸ‘‰ğŸ¼ @redboutique_kr
ğŸ€ë„¤ì´ë²„ ì¹´í˜ğŸ‘‰ğŸ¼""ìŠ¤ë¯¸ì–´í„°â€
ğŸ‘‡ğŸ¼SRB ì„¸ì•ˆì œ OpenğŸ‘‡ğŸ¼",2923,364691,131,smartstore.naver.com/smimarket/products/4352429774,False,2019-07-13 07:35:35
20,4í˜¸ì„ íœ´í•™ìƒ & ì”¬ìŠ¤í‹¸ëŸ¬,hyeriss22,ë¬¸ì˜ëŠ” DMâ—ï¸,15,3917,1,youtu.be/-ZybpucZDcw,False,2019-07-13 07:35:37
21,ë¬´ë‚˜í™ˆíŠ¸ğŸ˜˜,xxdmsdudxx,"#ë„¤ì´ë²„ë·°ìŠ¤íƒ€
#í•„ë¼í…ŒìŠ¤
#ë¬´ë‚˜í™ˆíŠ¸
â¤ë¬´ë‚˜í™ˆíŠ¸â¤
ìœ íŠœë¸Œ êµ¬ë…êµ¬ë…ğŸ™†ğŸ¤—ğŸ˜˜
â¤ï¸í´ë˜ìŠ¤101â¤ï¸
ì˜¨ë¼ì¸ ìˆ˜ì—…xí•„ë¼í…ŒìŠ¤4ì£¼ëª¸ë§Œë“¤ê¸°ğŸ‘‡
http://bit.ly/2Ka11B4",356,3370,85,www.youtube.com/channel/UCMA_DTVCzlALpD8hfGmYAlg,False,2019-07-13 07:35:39
22,ê¹€ë½€ë§ˆë¯¸ ê¹€ë½€í™ˆíŠ¸ ê¹€ì´ê²½,kimbbomami,"ê¹€ë½€ë§ˆë¯¸ ì•…ë§ˆì˜ì „ì‹ ìš´ë™ ì €ì
ğŸ”¶í™ˆíŠ¸ë ˆì´ë‹ê°•ì‚¬ğŸ”¶ï¸
í•„ë¼í…ŒìŠ¤ ìš”ê°€ íƒ€ë°”íƒ€ MMA ìê²©ì¦ ë³´ìœ 
ìœ íŠœë¸ŒğŸ‘‰ê¹€ë½€í™ˆíŠ¸ ê²€ìƒ‰
ìš´ë™ì‹œì¼œì£¼ëŠ”ë¼ì´ë¸Œë°©ì†¡
ë°¤11ì‹œì£¼3íšŒ ì¬ëŠ¥ê¸°ë¶€
ğŸ“§2024000@naver.com
ğŸ”½ë„¤ì´ë²„TV ë°”ë¡œê°€ê¸°ğŸ”½",3927,129572,61,m.tv.naver.com/kimbbomami/home,False,2019-07-13 07:35:42
23,ì˜ë¼ ë‹¤ì´ì–´íŠ¸,ye_.lla,ë‹¤ì´ì–´íŠ¸ ìœ íŠœë²„ ì˜ë¼yella,113,3690,94,,False,2019-07-13 07:35:44
0,ì´ê²½ì¤€,_juuuuuuun_s,"ğŸ‡°ğŸ‡·.Fine Art.20
í˜‘ì°¬/ì´¬ì˜ë¬¸ì˜ DM
artwork account ğŸ‘‰ @gangartjun",129,44759,607,www.ioniqrun.com/webtoon/?tab=2,False,2019-07-13 06:06:13
1,ìœ¤,un._gh,ë¬¸ì˜ DM,170,303756,35,youtu.be/2W1gv7ewlhw,False,2019-07-13 06:06:15
2,"ì„±ë¬´, ì´ (ë¬´ì§„ë©”ì´ë“œ)",smxmu,"#ë¬´ì§„ë©”ì´ë“œ #makeup
YoutubeğŸ¦ â€˜ë¬´ì§„ë©”ì´ë“œâ€™
MTPR x BTS ë°©íƒ„ì†Œë…„ë‹¨ ë Œì¦ˆ ë©”ì´í¬ì—…
ğŸ”½ë°©íƒ„ì†Œë…„ë‹¨ ë Œì¦ˆ ì°©ìš©í•˜ê³  ì•„ì´ëŒ ë©”ì»µí•˜ê¸°ğŸ”½",199,64321,257,youtu.be/vR4RdcqECcc,False,2019-07-13 06:06:17
3,ğŸ‡°ğŸ‡·ki_Há´á´É´,bee_hoons,"ì´¬ì˜, ëª¨ë“ ë¬¸ì˜ DM",434,107556,1616,,False,2019-07-13 06:06:19
4,ì´ì—¬ì¤€,yeojun__,,84,55523,68,,False,2019-07-13 06:06:22
5,ì¡°ì˜ê·¼,cho8705,ë¼ì´í”„ìŠ¤íƒ€ì¼ íŒ¨ì…˜ë¸”ë¡œê·¸,1327,53108,488,Blog.naver.com/alclstjwns,False,2019-07-13 06:06:24
6,ì„œìœ ì„± (yu seong Seo),s_y_ddong,"í•œë¦¼ì˜ˆê³  íŒ¨ì…˜ëª¨ë¸ê³¼ğŸ‡°ğŸ‡·
YG_K+ Model
ğŸ‡°ğŸ‡·SBS 2017 Super model
-Contact DM-",82,57540,168,,False,2019-07-13 06:06:26
7,,jae_ming1028,ğŸ™ğŸ¹ğŸ¤ğŸ¶ğŸµ,570,40531,162,,False,2019-07-13 06:06:28
8,ìœ¤ë³‘ì—°,byyyyeon,,125,210613,116,,False,2019-07-13 06:06:30
9,ìµœìš°ì§„,byeolha_1212,ëª¨ë“  ë¬¸ì˜ DM ì£¼ì„¸ìš” (à©­>â–¿<)à©­â¾â¾,158,88235,135,vt.tiktok.com/JMW52h,False,2019-07-13 06:06:32
10,ì•ˆì€ìš°,euneeew,Black sorbet ice cream review ğŸ–¤,1073,137994,297,youtu.be/qQCOkvzvx2s,False,2019-07-13 06:06:34
11,ë°±ì§€ë¯¼ğŸ‡°ğŸ‡·(Baek Jimin),b_12.25,"Only Insta and Facebook ëª¨ë“  ë¬¸ì˜ DMğŸ“©
ìœ íŠœë²„",202,185234,359,www.youtube.com/channel/UCAs19lA-BzBLgOm1fDeT4_g,False,2019-07-13 06:06:36
12,ìœ ì¸ì¤€,rural_jun,"(26) ìš”ë¦¬í•˜ëŠ” ë†ë¶€ ğŸ‘¨ğŸ»â€ğŸŒ¾
Model & actor
contact DM / e mail
#Beauty , #food , #fashion",243,31240,341,,False,2019-07-13 06:06:38
13,ì¬í˜‘ (Jae Hyup),jae_hyupp,"Fashion Model, Blogger
DM ğŸ“©",633,212174,645,blog.naver.com/jaehyupp,False,2019-07-13 06:06:41
14,ì´ë™í›ˆ(24),babyho0n,ì¸ìŠ¤íƒ€ê·¸ë¨ ì™¸ SNS ë°ì´íŒ…ì–´í”Œ ì•ˆí•´ìš”,151,84040,42,,False,2019-07-13 06:06:43
15,BART FAFA,______toddy,,1579,73089,715,www.youtube.com/channel/UCT0fI3h6aEP-c3wkpxpmZGw,False,2019-07-13 06:06:45
16,Kim Nam Woo,0__0man,ê´‘ê³ ë¬¸ì˜ëŠ” DMğŸ“©,847,217262,217,youtu.be/T8D5TrHkam8,False,2019-07-13 06:06:47
17,í˜•ì¤€,joonne2,Seoul,307,75367,143,,False,2019-07-13 06:06:48
18,ê¹€ì„±í™˜(ì„œí•˜),hsoun9,"21ì‚´
ì§ì‚´ë¼ë¹”ğŸ¡
í˜ë¶ ì¸ìŠ¤íƒ€ ì™¸ ëª¨ë‘ ë„ìš©!!",147,244508,240,,False,2019-07-13 06:06:51
19,ê¹€í˜¸ìš©,hoyoooong,ğŸ¥¶,235,89347,232,blog.naver.com/mnsr1,False,2019-07-13 06:06:53
20,ì›ë¹ˆ,wonbin00m,"20ì‚´ / ë¬¸ì˜dm
ê³¼ë„ê¸°",40,64778,59,,False,2019-07-13 06:06:55
21,ğŸ‡°ğŸ‡· ì´ì˜ì›… (21),yeon_gung,ëª¨ë“  ë¬¸ì˜ëŠ” DM,73,31290,106,likey.to/yeon_gung,False,2019-07-13 06:06:56
22,ê¹€ë¯¼ì„,mseoka,ë¯¼ì„ì´..í•˜ê³  ì‹¶ì€..ê±° ë‹¤ í•˜ë©´ í°ì¼ë‚˜..,19,27945,251,,False,2019-07-13 06:06:58
23,ì´ì˜ˆì§„,y_outhfit,,168,70135,110,www.ioniqrun.com/webtoon/?tab=2,False,2019-07-13 06:07:00
24,ğŸ‡°ğŸ‡· ë¬¸ ì˜ˆì°¬,o728_,ëª¨ë“  ë¬¸ì˜ëŠ” DM ì£¼ì„¸ìš”ğŸ™‡ğŸ»â€â™‚ï¸,191,53861,106,,False,2019-07-13 06:07:03
25,í™©í˜¸ì„±,hosungism,I can drink a gallon of milk in 10 seconds,291,85544,166,,False,2019-07-13 06:07:05
26,ê¹€ê±´í˜¸,i.hate.cucumber,"ğŸŒº@4321kg â € â € â € â € â € â € â € â € â € â € â € â € â € â € â € â € â € â € â € â € business=DMğŸ“© â € â € â € â € â €â €â € â € â € â € â € â € â € â € â € â € â € â € â € â € â € â €
(ì´¬ì˜,ê´‘ê³ ,ì˜ìƒí¸ì§‘,ì™¸ì£¼ ë¬¸ì˜ DM) â € â € â € â € â € â €",804,196098,263,www.youtube.com/channel/UCcLUBNBlXYL2B7tclSdWA8w,False,2019-07-13 06:07:07
27,ì¥ê²½ì„ (23) 02.20,gang.duk,"ë¬¸ì˜=DM
""ê°±ë•gangduk"" youtube channel",270,153003,167,youtu.be/NgfIjlXYChk,False,2019-07-13 06:07:09
28,ë°•ëŒ€í™˜ (daehwan Park) 8.28,d.hwan_92,"ëŒ€ë‹ˆTV DANITV Youtube
TheGroove Company ì†Œì†
ğŸ‘‡ğŸ»",481,182249,280,youtu.be/GyaDqxGjkIA,False,2019-07-13 06:07:10
29,í™ì •ë¹ˆ(Hong jung bean),2jb_jb,"íƒœë„ê°€ ì „ë¶€ì´ê³  ìŠµê´€ì´ ê³§ ì‚¶ì´ë‹¤.
MY YOUTUBE CHANNEL (BBQë‹­ë‹¤ë¦¬ë°˜ë°˜)
ì •ë¹„ë‹TV êµ¬ë… ë¶€íƒí•´ìš” :)
Please subscribe to my YouTube channel :)",346,109644,328,youtu.be/24KLi59uf7g,False,2019-07-13 06:07:12
30,ì†¡ì°¬í˜¸(Chanoopy) ğŸ‡°ğŸ‡·,chanoopy_,ğŸŒ•ğŸŒ–ğŸŒ—ğŸŒ˜ğŸŒ‘ğŸŒ’ğŸŒ“ğŸŒ” Contact DM,153,42890,428,,False,2019-07-13 06:07:14
31,ìš°ì¸,__w_ing__,"ì¸ìŠ¤íƒ€.í˜ì´ìŠ¤ë¶ ì™¸ SNSâŒ
ë‚´ê°€ ì›í•˜ëŠ”ê²Œ ì•„ë‹Œ ë°”ìœ ì‚¶ğŸ’",94,64323,170,,False,2019-07-13 06:07:17
32,ì„œì¬ë¯¼ / SEO JAE-MIN,117.18,"ğŸ¼á´…á´€É´á´„á´‡Ê€ á´Ò“ á´á´ á´‡Ê€Ò“á´€á´›á´‡
ğŸ¼á´…á´€É´á´„á´‡Ê€ á´Ò“ á´€Ê™ á´˜Ê€á´á´Šá´‡á´„á´›
â˜ï¸ ÕµÎ±n 17, 2001 â˜ï¸
â˜¾ Ò“á´ÊŸÊŸá´á´¡ á´á´‡ â˜¾
ğŸ¯á´Šá´€á´É´Éª ÉªÉ´sá´›á´€É¢Ê€á´€á´ğŸ¯
Ê€=á´ á´… ìš°ì£¼ ìµœê°• ì œì¼ê°€ëŠ” ë©‹ìŸì´ë˜ê¸°.",194,50179,81,www.youtube.com/channel/UC_WZPFMMEtvzPtCmWMPt79g,False,2019-07-13 06:07:19
33,ë°°ì¥ì•„ (Bae JangAh),peizhangwo,"~ 7/13 ğŸ‡»ğŸ‡³
ğŸ‡°ğŸ‡·
Contact : DMğŸ“©",528,72270,174,,False,2019-07-13 06:07:21
34,ê¹€í›ˆ kim hoon é‡‘å‹‹å‹‹,hoon.xun,@hoon.jx ğŸ‡°ğŸ‡·,152,280358,54,www.youtube.com/channel/UClL1bjILlheBuaaPQsr83BQ,False,2019-07-13 06:07:22
