,name,youtube,avg_hashtag,avg_comment,avg_self_comment,post_interval,ppl_img_ratio,comment_user_num,lang_ratio
0,hun1188,UC-6FxcmnbyVeZaYc025I_xQ,1.4,1.3,10.6,0.128205128,0.67,"{'comment1': 4, 'comment2': 2, 'comment3': 0, 'comment4': 0, 'comment5': 1, 'comment6': 0, 'comment7': 0, 'comment8': 0, 'comment9': 0, 'comment10': 0, 'over_10': 0}","{'ko': '84.62', 'emoji': '15.38'}"
1,hansangki0755,UC-IBt8pM8hWx8wiwjcDLdIQ,3.5,19.7,170.7,0.526315789,0.07,"{'comment1': 78, 'comment2': 23, 'comment3': 3, 'comment4': 1, 'comment5': 0, 'comment6': 0, 'comment7': 0, 'comment8': 0, 'comment9': 0, 'comment10': 0, 'over_10': 1}",{'ko': '100.00'}
2,bellawithlucas,UC-Ju7Rpx4V9XsrLh2DXh9tw_1,1.6,11.7,11.2,0.256410256,0.85,"{'comment1': 46, 'comment2': 16, 'comment3': 1, 'comment4': 1, 'comment5': 3, 'comment6': 1, 'comment7': 0, 'comment8': 0, 'comment9': 0, 'comment10': 0, 'over_10': 1}","{'ko': '73.50', 'emoji': '26.50'}"
3,lucas_d.h,UC-Ju7Rpx4V9XsrLh2DXh9tw_2,2.4,7,242.2,0.188679245,0.79,"{'comment1': 49, 'comment2': 18, 'comment3': 4, 'comment4': 2, 'comment5': 3, 'comment6': 1, 'comment7': 1, 'comment8': 0, 'comment9': 0, 'comment10': 0, 'over_10': 1}","{'ko': '93.33', 'emoji': '6.67'}"
4,bellaluv90,UC-Ju7Rpx4V9XsrLh2DXh9tw_3,2.3,7.7,16.7,0.192307692,0.95,"{'comment1': 33, 'comment2': 12, 'comment3': 2, 'comment4': 2, 'comment5': 0, 'comment6': 1, 'comment7': 0, 'comment8': 0, 'comment9': 0, 'comment10': 0, 'over_10': 0}","{'ko': '81.82', 'emoji': '18.18'}"
5,24x01,UC0BPsIEZ5cMuedvzQO3J1jw,1.5,43.3,18.3,2.5,0.33,"{'comment1': 403, 'comment2': 54, 'comment3': 11, 'comment4': 6, 'comment5': 4, 'comment6': 3, 'comment7': 1, 'comment8': 0, 'comment9': 0, 'comment10': 0, 'over_10': 2}","{'ko': '97.95', 'emoji': '2.05'}"
6,bnatv1004,UC0L2FaavWKVvAuXZi1oPFWQ,3.8,0.3,0,1.666666667,0.93,"{'comment1': 3, 'comment2': 0, 'comment3': 0, 'comment4': 0, 'comment5': 0, 'comment6': 0, 'comment7': 0, 'comment8': 0, 'comment9': 0, 'comment10': 0, 'over_10': 0}","{'ko': '66.67', 'emoji': '33.33'}"
7,serim.hong.50,UC0ssa8zC_3oif4iZcUe5VUg,3.6,28.9,0,0.625,0.81,"{'comment1': 229, 'comment2': 20, 'comment3': 9, 'comment4': 1, 'comment5': 0, 'comment6': 0, 'comment7': 1, 'comment8': 0, 'comment9': 0, 'comment10': 0, 'over_10': 0}","{'ko': '98.70', 'emoji': '1.30'}"
8,matsangmu,UC1r112Pr9Ngcg2NtcE946HQ,1.7,6.7,0,1.25,0.44,"{'comment1': 45, 'comment2': 6, 'comment3': 2, 'comment4': 1, 'comment5': 0, 'comment6': 0, 'comment7': 0, 'comment8': 0, 'comment9': 0, 'comment10': 0, 'over_10': 0}","{'ko': '98.51', 'emoji': '1.49'}"
9,josh_bamui,UC22gayxEPsQLhZXpHDjS8Qg,1.1,4.1,4.3,0.625,0.19,"{'comment1': 19, 'comment2': 0, 'comment3': 2, 'comment4': 0, 'comment5': 0, 'comment6': 1, 'comment7': 0, 'comment8': 0, 'comment9': 0, 'comment10': 1, 'over_10': 0}","{'ko': '80.49', 'emoji': '19.51'}"
10,gdsfamily4,UC24BfKRQk_5uZomn0DxW2Ew,0.6,14.8,33.5,0.144927536,0.5,"{'comment1': 82, 'comment2': 12, 'comment3': 1, 'comment4': 2, 'comment5': 2, 'comment6': 1, 'comment7': 0, 'comment8': 0, 'comment9': 0, 'comment10': 0, 'over_10': 1}","{'ko': '97.97', 'emoji': '2.03'}"
11,h_ue_,UC24ZdEFJvYvQwqnWJodWzng,0,52.3,92.1,0.769230769,0.45,"{'comment1': 309, 'comment2': 41, 'comment3': 12, 'comment4': 10, 'comment5': 1, 'comment6': 1, 'comment7': 1, 'comment8': 1, 'comment9': 0, 'comment10': 0, 'over_10': 1}","{'ko': '97.32', 'emoji': '2.68'}"
12,take_jung,UC2QeHNJFfuQWB4cy3M-745g,4.1,6,5.1,0.12345679,0.62,"{'comment1': 32, 'comment2': 9, 'comment3': 2, 'comment4': 1, 'comment5': 0, 'comment6': 0, 'comment7': 0, 'comment8': 0, 'comment9': 0, 'comment10': 0, 'over_10': 0}","{'ko': '96.67', 'emoji': '3.33'}"
13,dingo_movie,UC2dajIvSk458lj-0GNULGeA,4.3,7,0,0.833333333,0.89,"{'comment1': 64, 'comment2': 3, 'comment3': 1, 'comment4': 0, 'comment5': 0, 'comment6': 0, 'comment7': 0, 'comment8': 0, 'comment9': 0, 'comment10': 0, 'over_10': 0}","{'ko': '95.89', 'emoji': '4.11'}"
14,kobejeans,UC3l1qgrRx8vPan82wDc3kNg,8.8,6,67.9,0.243902439,0.42,"{'comment1': 25, 'comment2': 3, 'comment3': 1, 'comment4': 0, 'comment5': 0, 'comment6': 1, 'comment7': 0, 'comment8': 0, 'comment9': 0, 'comment10': 0, 'over_10': 1}","{'ko': '96.67', 'emoji': '3.33'}"
15,dada_living,UC4ZOrJ0xNrUsVdX64M8atHQ,0,0.6,0,0.714285714,,"{'comment1': 0, 'comment2': 0, 'comment3': 0, 'comment4': 0, 'comment5': 0, 'comment6': 1, 'comment7': 0, 'comment8': 0, 'comment9': 0, 'comment10': 0, 'over_10': 0}",{'emoji': '100.00'}
16,72sectv,UC4u2X5QolYdz4faUfKRm3_w,0.1,4,8,0.0118623962,0,"{'comment1': 39, 'comment2': 4, 'comment3': 1, 'comment4': 0, 'comment5': 0, 'comment6': 0, 'comment7': 0, 'comment8': 0, 'comment9': 0, 'comment10': 0, 'over_10': 0}","{'ko': '98.00', 'emoji': '2.00'}"
17,euddeume_,UC4yq3FWEWqMvFNFBsV3gbKQ,0,16.9,0,1.666666667,0.83,"{'comment1': 89, 'comment2': 9, 'comment3': 6, 'comment4': 1, 'comment5': 0, 'comment6': 0, 'comment7': 0, 'comment8': 0, 'comment9': 0, 'comment10': 0, 'over_10': 1}","{'ko': '57.99', 'emoji': '42.01'}"
18,hyo_joo,UC5FOkD_OiUjgCOawXaK0wCg,11.8,7.2,36.7,0.181818182,1,"{'comment1': 169, 'comment2': 22, 'comment3': 2, 'comment4': 1, 'comment5': 2, 'comment6': 0, 'comment7': 1, 'comment8': 0, 'comment9': 0, 'comment10': 0, 'over_10': 0}","{'ko': '84.58', 'emoji': '15.42'}"
19,drgnlake,UC5Krj_2tLJgAyT7SwTsAIzQ,1.1,10.2,22.7,0.333333333,0.38,"{'comment1': 59, 'comment2': 11, 'comment3': 1, 'comment4': 0, 'comment5': 0, 'comment6': 0, 'comment7': 0, 'comment8': 1, 'comment9': 0, 'comment10': 1, 'over_10': 0}","{'ko': '95.10', 'emoji': '4.90'}"
20,seoyoungchoi_,UC5aNQ65ADb02zEJxzb_zmYQ,1.4,27.2,0,1.428571429,0.67,"{'comment1': 120, 'comment2': 23, 'comment3': 8, 'comment4': 4, 'comment5': 1, 'comment6': 2, 'comment7': 1, 'comment8': 1, 'comment9': 0, 'comment10': 1, 'over_10': 2}","{'ko': '83.72', 'emoji': '16.28'}"
21,cargirlmedia,UC8cscgG12KkR7-cOitqYQcg,19.9,5.5,3.7,0.113636364,0.19,"{'comment1': 38, 'comment2': 4, 'comment3': 0, 'comment4': 1, 'comment5': 1, 'comment6': 0, 'comment7': 0, 'comment8': 0, 'comment9': 0, 'comment10': 0, 'over_10': 0}","{'ko': '85.45', 'emoji': '14.55'}"
22,seokgguchookggu,UC8valWz_8jFnX4tMGCeC62w,2.7,9.8,1.8,0.0260416667,0.78,"{'comment1': 60, 'comment2': 10, 'comment3': 4, 'comment4': 4, 'comment5': 0, 'comment6': 0, 'comment7': 0, 'comment8': 0, 'comment9': 0, 'comment10': 0, 'over_10': 0}","{'ko': '89.81', 'emoji': '10.19'}"
23,flowervin7,UC9JlObZnbOirT4_iyPGrdcw,2,64.5,13.1,0.227272727,0.9,"{'comment1': 328, 'comment2': 56, 'comment3': 20, 'comment4': 12, 'comment5': 3, 'comment6': 5, 'comment7': 5, 'comment8': 1, 'comment9': 1, 'comment10': 0, 'over_10': 0}","{'ko': '97.83', 'emoji': '2.17'}"
24,susansan0414,UC9edwufjEirbl9-2vns43VQ,0.6,16.6,166.2,0.714285714,0.82,"{'comment1': 83, 'comment2': 18, 'comment3': 3, 'comment4': 5, 'comment5': 0, 'comment6': 0, 'comment7': 0, 'comment8': 0, 'comment9': 0, 'comment10': 0, 'over_10': 1}","{'ko': '97.20', 'emoji': '2.80'}"
25,its.hanbyul,UC9gW47NqzI1x7e8qsflvUUw,0.3,29.5,0,0.384615385,0.8,"{'comment1': 194, 'comment2': 31, 'comment3': 8, 'comment4': 1, 'comment5': 1, 'comment6': 2, 'comment7': 0, 'comment8': 2, 'comment9': 0, 'comment10': 1, 'over_10': 1}","{'ko': '92.65', 'emoji': '7.35'}"
26,monkey.d.kihoon,UC9nFMAQcn0bqIrEV9vUdU1g,0.5,101.2,0,1.111111111,0.64,"{'comment1': 992, 'comment2': 126, 'comment3': 20, 'comment4': 6, 'comment5': 1, 'comment6': 0, 'comment7': 1, 'comment8': 0, 'comment9': 1, 'comment10': 0, 'over_10': 0}","{'ko': '97.33', 'emoji': '2.67'}"
27,djgreat77,UC9rpMzC-SjMSrxhQElZDzTw,4.9,9.5,29.8,1.428571429,0.7,"{'comment1': 39, 'comment2': 7, 'comment3': 1, 'comment4': 0, 'comment5': 1, 'comment6': 1, 'comment7': 0, 'comment8': 0, 'comment9': 0, 'comment10': 0, 'over_10': 2}","{'ko': '83.16', 'emoji': '16.84'}"
28,KoreanBilly,UCB9etEztDELjmiVu8kP5R-g,0.1,6.3,0,1.428571429,0.71,"{'comment1': 43, 'comment2': 1, 'comment3': 1, 'comment4': 0, 'comment5': 0, 'comment6': 0, 'comment7': 0, 'comment8': 0, 'comment9': 0, 'comment10': 0, 'over_10': 1}","{'ko': '73.02', 'emoji': '26.98'}"
29,funguypiano,UCBlkpX--7ZD73URbSC1oWRw,0,24.3,80.2,0.909090909,,"{'comment1': 145, 'comment2': 22, 'comment3': 6, 'comment4': 1, 'comment5': 0, 'comment6': 0, 'comment7': 0, 'comment8': 0, 'comment9': 0, 'comment10': 0, 'over_10': 2}","{'ko': '79.01', 'emoji': '20.99'}"
30,ddantgong,UCCUfsf35PukA4gEsU2hTtQg,4.1,2.8,0,0.0925925926,0.3,"{'comment1': 23, 'comment2': 1, 'comment3': 1, 'comment4': 0, 'comment5': 0, 'comment6': 0, 'comment7': 0, 'comment8': 0, 'comment9': 0, 'comment10': 0, 'over_10': 0}","{'ko': '82.14', 'emoji': '17.86'}"
31,powermovie,UCCcE8BpgFqKRP3au8tEUrAw,3.6,7.5,4.7,0.105263158,0.75,"{'comment1': 47, 'comment2': 12, 'comment3': 3, 'comment4': 4, 'comment5': 1, 'comment6': 1, 'comment7': 1, 'comment8': 0, 'comment9': 0, 'comment10': 0, 'over_10': 0}","{'ko': '92.98', 'emoji': '7.02'}"
32,official_ripple,UCCjJV_nxuPQ_fWGkAkA46fA,1.2,25.8,0,0.0289855072,0.41,"{'comment1': 220, 'comment2': 21, 'comment3': 0, 'comment4': 1, 'comment5': 0, 'comment6': 2, 'comment7': 0, 'comment8': 0, 'comment9': 0, 'comment10': 0, 'over_10': 0}","{'ko': '97.12', 'emoji': '2.88'}"
33,itsjinakim,UCDMLdKoalJdyqKto6KahNGg,2.1,69.3,0,0.476190476,0.85,"{'comment1': 229, 'comment2': 66, 'comment3': 23, 'comment4': 12, 'comment5': 7, 'comment6': 1, 'comment7': 2, 'comment8': 2, 'comment9': 0, 'comment10': 1, 'over_10': 4}","{'ko': '82.07', 'emoji': '17.93'}"
34,coach_leesam,UCDVQ0yDp7Bu-BxEfelTHL8g,0.5,7.5,219.5,0.476190476,0.67,"{'comment1': 30, 'comment2': 3, 'comment3': 1, 'comment4': 1, 'comment5': 0, 'comment6': 0, 'comment7': 0, 'comment8': 0, 'comment9': 0, 'comment10': 0, 'over_10': 1}","{'ko': '87.21', 'emoji': '12.79'}"
35,vnjenny7,UCDdvY2ntkRKaul_OQT89jAQ,4.2,6.2,9.1,1,0.65,"{'comment1': 24, 'comment2': 7, 'comment3': 1, 'comment4': 4, 'comment5': 1, 'comment6': 0, 'comment7': 0, 'comment8': 0, 'comment9': 0, 'comment10': 0, 'over_10': 0}","{'ko': '85.48', 'emoji': '14.52'}"
36,honza_nam_ytb,UCDzpa0rTkUzxhE6h6fMKOQA,5,1,10.8,0.238095238,0.3,"{'comment1': 6, 'comment2': 0, 'comment3': 0, 'comment4': 1, 'comment5': 0, 'comment6': 0, 'comment7': 0, 'comment8': 0, 'comment9': 0, 'comment10': 0, 'over_10': 0}","{'ko': '90.00', 'emoji': '10.00'}"
37,endears_o,UCENNpEHHCiZGb2dk1MHml7Q_1,2.6,190.9,0,0.384615385,0.67,"{'comment1': 1444, 'comment2': 183, 'comment3': 26, 'comment4': 2, 'comment5': 1, 'comment6': 0, 'comment7': 0, 'comment8': 1, 'comment9': 0, 'comment10': 0, 'over_10': 0}","{'ko': '98.95', 'emoji': '1.05'}"
38,joongwoojo,UCENNpEHHCiZGb2dk1MHml7Q_2,2.9,60.2,0,0.0421940928,0.78,"{'comment1': 416, 'comment2': 71, 'comment3': 12, 'comment4': 2, 'comment5': 0, 'comment6': 0, 'comment7': 0, 'comment8': 0, 'comment9': 0, 'comment10': 0, 'over_10': 0}","{'ko': '97.51', 'emoji': '2.49'}"
39,u12486,UCEwmUXNK69iAugMEahY7glA,2.3,52,51.5,0.144927536,0.46,"{'comment1': 291, 'comment2': 56, 'comment3': 10, 'comment4': 11, 'comment5': 2, 'comment6': 1, 'comment7': 0, 'comment8': 0, 'comment9': 1, 'comment10': 0, 'over_10': 1}","{'ko': '97.50', 'emoji': '2.50'}"
40,sungmyoungjun,UCFIeZnCOh_7JZAgJB3XaLXw,6.3,26.7,0,2.5,0.78,"{'comment1': 180, 'comment2': 19, 'comment3': 6, 'comment4': 1, 'comment5': 0, 'comment6': 1, 'comment7': 0, 'comment8': 0, 'comment9': 0, 'comment10': 0, 'over_10': 1}","{'ko': '86.14', 'emoji': '13.86'}"
41,blueskyh2,UCFUpTxU3nlGed-suY-FjjxA,0.4,36.2,3.6,0.4,0.45,"{'comment1': 237, 'comment2': 34, 'comment3': 13, 'comment4': 3, 'comment5': 0, 'comment6': 1, 'comment7': 0, 'comment8': 0, 'comment9': 0, 'comment10': 0, 'over_10': 0}","{'ko': '97.51', 'emoji': '2.49'}"
42,lovelyswimmer,UCFzE-bjCCY-F5wmiRS2NuRg,2.3,28.1,116.1,1.111111111,0.93,"{'comment1': 123, 'comment2': 34, 'comment3': 9, 'comment4': 4, 'comment5': 1, 'comment6': 1, 'comment7': 1, 'comment8': 0, 'comment9': 1, 'comment10': 0, 'over_10': 1}","{'ko': '97.67', 'emoji': '2.33'}"
43,iluliy,UCG0JecZ4QvGGfO-asHGhCIA,2.1,12.8,49.5,0.476190476,0.6,"{'comment1': 50, 'comment2': 12, 'comment3': 5, 'comment4': 2, 'comment5': 2, 'comment6': 2, 'comment7': 1, 'comment8': 1, 'comment9': 1, 'comment10': 0, 'over_10': 1}","{'ko': '92.86', 'emoji': '7.14'}"
44,dragon_stone11,UCHej63OZm3dh16McbdieEFQ,0.9,62.8,0,0.15625,0.43,"{'comment1': 528, 'comment2': 37, 'comment3': 4, 'comment4': 1, 'comment5': 2, 'comment6': 0, 'comment7': 0, 'comment8': 0, 'comment9': 0, 'comment10': 0, 'over_10': 0}","{'ko': '78.34', 'emoji': '21.66'}"
45,yan.youtube,UCHpIHu4LzmNuD8bsE6mZLSA,2.4,22.8,160.2,0.333333333,0.89,"{'comment1': 239, 'comment2': 32, 'comment3': 19, 'comment4': 10, 'comment5': 2, 'comment6': 2, 'comment7': 2, 'comment8': 1, 'comment9': 0, 'comment10': 1, 'over_10': 1}","{'ko': '96.79', 'emoji': '3.21'}"
46,leeseol00,UCHqvLC2ilL2M4_SpoFiWtuQ,0,0,0,0.526315789,1,"{'comment1': 0, 'comment2': 0, 'comment3': 0, 'comment4': 0, 'comment5': 0, 'comment6': 0, 'comment7': 0, 'comment8': 0, 'comment9': 0, 'comment10': 0, 'over_10': 0}",{}
47,coco20002,UCI5NWzolgDXp6-zeZ3wQ88A,0,155.3,0,0.333333333,0.73,"{'comment1': 760, 'comment2': 144, 'comment3': 54, 'comment4': 23, 'comment5': 9, 'comment6': 8, 'comment7': 3, 'comment8': 2, 'comment9': 6, 'comment10': 2, 'over_10': 2}","{'ko': '79.01', 'emoji': '20.99'}"
48,jk_tv,UCIB_oNqi62rKnPFb3Toaozw,3,12.6,0,0.147058824,0.94,"{'comment1': 46, 'comment2': 7, 'comment3': 3, 'comment4': 2, 'comment5': 0, 'comment6': 1, 'comment7': 1, 'comment8': 1, 'comment9': 0, 'comment10': 0, 'over_10': 1}","{'ko': '76.19', 'emoji': '23.81'}"
49,classsytv,UCJCNS4-1Bff7H2fzuUCZzig,8.7,3.9,0,0.769230769,0.81,"{'comment1': 48, 'comment2': 5, 'comment3': 2, 'comment4': 0, 'comment5': 0, 'comment6': 0, 'comment7': 0, 'comment8': 0, 'comment9': 0, 'comment10': 1, 'over_10': 0}","{'ko': '85.14', 'emoji': '14.86'}"
50,jwvid,UCJCqV1PsakBbjD0DI6KJIgQ,0.2,14.5,0,0.172413793,0.53,"{'comment1': 76, 'comment2': 13, 'comment3': 3, 'comment4': 2, 'comment5': 2, 'comment6': 2, 'comment7': 1, 'comment8': 0, 'comment9': 0, 'comment10': 0, 'over_10': 1}","{'ko': '74.36', 'emoji': '25.64'}"
51,the_edit.co.kr,UCJKZoVf3RIMfFffjdseqdEg,0,11.9,0,1.666666667,0.21,"{'comment1': 94, 'comment2': 3, 'comment3': 4, 'comment4': 0, 'comment5': 0, 'comment6': 0, 'comment7': 1, 'comment8': 0, 'comment9': 0, 'comment10': 0, 'over_10': 0}","{'ko': '91.60', 'emoji': '8.40'}"
52,dctube601,UCJQDi71H00IXCQbxAtFem3Q,1.8,1.7,0,0.10989011,0,"{'comment1': 5, 'comment2': 2, 'comment3': 0, 'comment4': 0, 'comment5': 0, 'comment6': 0, 'comment7': 0, 'comment8': 1, 'comment9': 0, 'comment10': 0, 'over_10': 0}","{'ko': '52.94', 'emoji': '47.06'}"
53,dongmin9249,UCLlfMCCErVE5VaEyHxB5AgA,16.5,14.4,16.5,0.526315789,1,"{'comment1': 91, 'comment2': 26, 'comment3': 8, 'comment4': 3, 'comment5': 2, 'comment6': 1, 'comment7': 4, 'comment8': 1, 'comment9': 1, 'comment10': 0, 'over_10': 0}","{'ko': '79.17', 'emoji': '20.83'}"
54,redhatsg,UCLvaHVogti2o0AkXoNZzeKA,1.6,15.6,5.7,0.0267379679,0.46,"{'comment1': 107, 'comment2': 18, 'comment3': 3, 'comment4': 1, 'comment5': 0, 'comment6': 0, 'comment7': 0, 'comment8': 0, 'comment9': 0, 'comment10': 0, 'over_10': 0}","{'ko': '98.72', 'emoji': '1.28'}"
55,xxdmsdudxx,UCMA_DTVCzlALpD8hfGmYAlg,15.2,11.1,134.1,0.416666667,0.64,"{'comment1': 30, 'comment2': 3, 'comment3': 7, 'comment4': 3, 'comment5': 3, 'comment6': 1, 'comment7': 3, 'comment8': 0, 'comment9': 0, 'comment10': 0, 'over_10': 1}","{'ko': '98.14', 'emoji': '1.86'}"
56,itselisebear,UCM_4wLKpZQN16qdjcSnoHkg,0,30.4,416.2,0.035335689,0.56,"{'comment1': 184, 'comment2': 28, 'comment3': 6, 'comment4': 7, 'comment5': 0, 'comment6': 1, 'comment7': 0, 'comment8': 0, 'comment9': 0, 'comment10': 0, 'over_10': 1}","{'ko': '96.16', 'emoji': '3.84'}"
57,korea_grandma,UCN8CPzwkYiDVLZlgD4JQgJQ,0,216,0,1.428571429,0.67,"{'comment1': 1676, 'comment2': 177, 'comment3': 29, 'comment4': 3, 'comment5': 5, 'comment6': 1, 'comment7': 0, 'comment8': 0, 'comment9': 0, 'comment10': 0, 'over_10': 0}","{'ko': '91.11', 'emoji': '8.89'}"
58,yammoo00,UCO61Rl-jslhyeenfjt-NO4w,0.5,23.4,9.2,0.217391304,0,"{'comment1': 166, 'comment2': 20, 'comment3': 5, 'comment4': 2, 'comment5': 1, 'comment6': 0, 'comment7': 0, 'comment8': 0, 'comment9': 0, 'comment10': 0, 'over_10': 0}","{'ko': '91.88', 'emoji': '8.12'}"
59,oe_day,UCOHDZh9KGoFxmqq6tg-Cykg,0,28,153.7,0.625,1,"{'comment1': 73, 'comment2': 21, 'comment3': 8, 'comment4': 4, 'comment5': 3, 'comment6': 1, 'comment7': 1, 'comment8': 1, 'comment9': 2, 'comment10': 0, 'over_10': 2}","{'ko': '91.07', 'emoji': '8.93'}"
60,wadism,UCOHYlves6oxhyIQBRIIpPTQ,0.7,99.2,0,1.25,0.33,"{'comment1': 879, 'comment2': 60, 'comment3': 13, 'comment4': 5, 'comment5': 0, 'comment6': 0, 'comment7': 0, 'comment8': 0, 'comment9': 0, 'comment10': 0, 'over_10': 1}","{'ko': '95.64', 'emoji': '4.36'}"
61,kokomimi77,UCOMG2V-vUgYX0aHiBDbBTyg,0,9.1,6.1,0.238095238,0.2,"{'comment1': 23, 'comment2': 6, 'comment3': 5, 'comment4': 4, 'comment5': 1, 'comment6': 0, 'comment7': 1, 'comment8': 0, 'comment9': 0, 'comment10': 0, 'over_10': 1}","{'ko': '95.60', 'emoji': '4.40'}"
62,hoon2136,UCP7p2SX81x6hEXnmVDCPR7g,24.3,6.6,29.8,1.25,0,"{'comment1': 34, 'comment2': 4, 'comment3': 1, 'comment4': 2, 'comment5': 0, 'comment6': 0, 'comment7': 0, 'comment8': 0, 'comment9': 0, 'comment10': 0, 'over_10': 1}","{'ko': '90.91', 'emoji': '9.09'}"
63,smitruti1010,UCPVjwwmDpE6f3n9Ck2oaNTw,0,218.4,0,5,0.24,"{'comment1': 1698, 'comment2': 152, 'comment3': 26, 'comment4': 2, 'comment5': 0, 'comment6': 0, 'comment7': 0, 'comment8': 0, 'comment9': 0, 'comment10': 0, 'over_10': 1}","{'ko': '95.42', 'emoji': '4.58'}"
64,soy_asmr,UCPpYonu8HMQCvNVcG2xYgwA,0.8,34,85,0.25,0.73,"{'comment1': 136, 'comment2': 36, 'comment3': 13, 'comment4': 7, 'comment5': 1, 'comment6': 4, 'comment7': 0, 'comment8': 0, 'comment9': 0, 'comment10': 0, 'over_10': 2}","{'ko': '87.06', 'emoji': '12.94'}"
65,autosonics_k,UCQdekhc-rky81G-0Xfng4lg,6,3.4,14.4,0.0269541779,0.09,"{'comment1': 22, 'comment2': 1, 'comment3': 1, 'comment4': 0, 'comment5': 0, 'comment6': 0, 'comment7': 1, 'comment8': 0, 'comment9': 0, 'comment10': 0, 'over_10': 0}","{'ko': '97.06', 'emoji': '2.94'}"
66,minhwa.g,UCQeXy0FwvVQD1o0axg6x42A,0.2,109.6,81.7,0.588235294,0.1,"{'comment1': 600, 'comment2': 110, 'comment3': 22, 'comment4': 14, 'comment5': 6, 'comment6': 6, 'comment7': 5, 'comment8': 3, 'comment9': 1, 'comment10': 0, 'over_10': 1}","{'ko': '97.63', 'emoji': '2.37'}"
67,kimbbomami,UCRhdSOsdo7upnTIP7tObYnw,4.4,10.3,44.6,10,0.92,"{'comment1': 159, 'comment2': 35, 'comment3': 16, 'comment4': 3, 'comment5': 5, 'comment6': 4, 'comment7': 1, 'comment8': 3, 'comment9': 0, 'comment10': 0, 'over_10': 1}","{'ko': '97.37', 'emoji': '2.63'}"
68,eunbar,UCS5qmPFj36fK7fML6gYcZSQ,2.9,16.1,43.4,0.384615385,0.4,"{'comment1': 67, 'comment2': 10, 'comment3': 1, 'comment4': 3, 'comment5': 2, 'comment6': 3, 'comment7': 1, 'comment8': 1, 'comment9': 0, 'comment10': 0, 'over_10': 1}","{'ko': '80.75', 'emoji': '19.25'}"
69,on_do__,UCSn90DAxCF3yRs6mFK0-8TA,0.1,88.9,0,1.25,0.28,"{'comment1': 620, 'comment2': 82, 'comment3': 17, 'comment4': 4, 'comment5': 1, 'comment6': 0, 'comment7': 1, 'comment8': 0, 'comment9': 0, 'comment10': 0, 'over_10': 2}","{'ko': '84.14', 'emoji': '15.86'}"
70,diana_kct,UCSw7Ts6UNnjnuzpwvUC6QTw,0.9,2,1.3,0.108695652,0.12,"{'comment1': 7, 'comment2': 0, 'comment3': 1, 'comment4': 0, 'comment5': 2, 'comment6': 0, 'comment7': 0, 'comment8': 0, 'comment9': 0, 'comment10': 0, 'over_10': 0}","{'ko': '65.00', 'emoji': '35.00'}"
71,minjiteacheskorean,UCT4rIm6Ibb-Jb8Vj23Ur3BA,0.8,6,0,0.333333333,0.45,"{'comment1': 23, 'comment2': 2, 'comment3': 2, 'comment4': 0, 'comment5': 1, 'comment6': 0, 'comment7': 0, 'comment8': 0, 'comment9': 0, 'comment10': 1, 'over_10': 1}","{'ko': '50.00', 'emoji': '50.00'}"
72,tagger.official,UCTX6zjf3dY_UEg7QuXEFkWQ,22.8,1.1,1.1,0.208333333,0.17,"{'comment1': 7, 'comment2': 2, 'comment3': 0, 'comment4': 0, 'comment5': 0, 'comment6': 0, 'comment7': 0, 'comment8': 0, 'comment9': 0, 'comment10': 0, 'over_10': 0}",{'ko': '100.00'}
73,babzi_asmr,UCTfcXAPxCIn8fyKrRDqQ6dA,3.3,64.9,10.1,0.0840336134,0.44,"{'comment1': 237, 'comment2': 74, 'comment3': 29, 'comment4': 11, 'comment5': 6, 'comment6': 8, 'comment7': 1, 'comment8': 2, 'comment9': 1, 'comment10': 0, 'over_10': 2}","{'ko': '81.97', 'emoji': '18.03'}"
74,jojae____altong,UCUfqoN5sUGAVXcmEe3CHKEQ,2.6,20.9,0,3.333333333,1,"{'comment1': 75, 'comment2': 24, 'comment3': 4, 'comment4': 2, 'comment5': 1, 'comment6': 1, 'comment7': 0, 'comment8': 0, 'comment9': 0, 'comment10': 0, 'over_10': 1}","{'ko': '64.78', 'emoji': '35.22'}"
75,jjeuneu,UCUsfRCHj5U1wAJEJiQpPLPw,0.2,37.3,375.2,5,0.54,"{'comment1': 174, 'comment2': 34, 'comment3': 13, 'comment4': 7, 'comment5': 2, 'comment6': 1, 'comment7': 0, 'comment8': 0, 'comment9': 0, 'comment10': 0, 'over_10': 1}","{'ko': '98.19', 'emoji': '1.81'}"
76,captainramy,UCVE-zq_yK_InhsVaJPQEttw,11.2,2.2,16.5,0.10989011,0.13,"{'comment1': 6, 'comment2': 2, 'comment3': 1, 'comment4': 1, 'comment5': 1, 'comment6': 0, 'comment7': 0, 'comment8': 0, 'comment9': 0, 'comment10': 0, 'over_10': 0}",{'ko': '100.00'}
77,mate_postit,UCVIZWeFmvOhCjJy4tZqertw,2.6,18.6,11.8,0.344827586,1,"{'comment1': 114, 'comment2': 11, 'comment3': 8, 'comment4': 4, 'comment5': 2, 'comment6': 0, 'comment7': 0, 'comment8': 0, 'comment9': 0, 'comment10': 0, 'over_10': 0}","{'ko': '95.16', 'emoji': '4.84'}"
78,oneear2017,UCVK9-qNbd4gi_UTby532B7Q,3.7,5.7,20.2,0.0925925926,0.27,"{'comment1': 21, 'comment2': 7, 'comment3': 2, 'comment4': 2, 'comment5': 0, 'comment6': 0, 'comment7': 0, 'comment8': 1, 'comment9': 0, 'comment10': 0, 'over_10': 0}","{'ko': '85.96', 'emoji': '14.04'}"
79,haneulina,UCW-rU_ZE4dAKDejWdTAKmoA,0,137.5,0,2,0.48,"{'comment1': 892, 'comment2': 152, 'comment3': 31, 'comment4': 7, 'comment5': 1, 'comment6': 1, 'comment7': 0, 'comment8': 0, 'comment9': 1, 'comment10': 0, 'over_10': 1}","{'ko': '94.11', 'emoji': '5.89'}"
80,votrechaleur,UCW61wo97HWu_TmmJEOiflrw,0.6,17.2,87.4,0.555555556,0.92,"{'comment1': 88, 'comment2': 16, 'comment3': 5, 'comment4': 0, 'comment5': 0, 'comment6': 1, 'comment7': 0, 'comment8': 0, 'comment9': 0, 'comment10': 0, 'over_10': 1}","{'ko': '95.93', 'emoji': '4.07'}"
81,simzzangolf,UCWJBrDmcddN9KCrXBHpWmCA,2.6,10.5,21.9,1,1,"{'comment1': 80, 'comment2': 7, 'comment3': 2, 'comment4': 0, 'comment5': 1, 'comment6': 0, 'comment7': 0, 'comment8': 0, 'comment9': 0, 'comment10': 0, 'over_10': 0}","{'ko': '89.52', 'emoji': '10.48'}"
82,kisy0729,UCWuWpKhbGev8Za4J-jfdSXw,0,50.6,0,3.333333333,0.88,"{'comment1': 334, 'comment2': 44, 'comment3': 8, 'comment4': 4, 'comment5': 0, 'comment6': 1, 'comment7': 0, 'comment8': 0, 'comment9': 2, 'comment10': 0, 'over_10': 1}","{'ko': '88.74', 'emoji': '11.26'}"
83,kkssd1121,UCY1Q5h_nPk3onGmTcepLorg,0,19.4,0,0.357142857,0.88,"{'comment1': 72, 'comment2': 15, 'comment3': 8, 'comment4': 2, 'comment5': 2, 'comment6': 0, 'comment7': 2, 'comment8': 0, 'comment9': 0, 'comment10': 0, 'over_10': 1}","{'ko': '77.39', 'emoji': '22.61'}"
84,sonypictureskr_official,UCY2wHBgv2W30w6lqoLxq99g,0,18.7,0,0.833333333,0.31,"{'comment1': 138, 'comment2': 18, 'comment3': 3, 'comment4': 1, 'comment5': 0, 'comment6': 0, 'comment7': 0, 'comment8': 0, 'comment9': 0, 'comment10': 0, 'over_10': 0}","{'ko': '98.93', 'emoji': '1.07'}"
85,jmtvinsta,UCYAvG7-sBBztgDtwKil1RTQ,0.8,47,29.8,0.0381679389,0.5,"{'comment1': 454, 'comment2': 100, 'comment3': 27, 'comment4': 13, 'comment5': 3, 'comment6': 1, 'comment7': 1, 'comment8': 0, 'comment9': 0, 'comment10': 0, 'over_10': 1}","{'ko': '95.65', 'emoji': '4.35'}"
86,horseking123,UCYJDUekoQz0-bo8al1diLWQ,2.7,38.2,2.2,0.175438596,1,"{'comment1': 254, 'comment2': 39, 'comment3': 12, 'comment4': 1, 'comment5': 2, 'comment6': 0, 'comment7': 0, 'comment8': 0, 'comment9': 0, 'comment10': 0, 'over_10': 0}","{'ko': '96.86', 'emoji': '3.14'}"
87,__kindacool,UCYJlyU_Lf33eqp6KWYONTGg,2.4,21.9,0,0.833333333,0.87,"{'comment1': 338, 'comment2': 52, 'comment3': 6, 'comment4': 2, 'comment5': 1, 'comment6': 0, 'comment7': 0, 'comment8': 0, 'comment9': 0, 'comment10': 0, 'over_10': 1}","{'ko': '77.86', 'emoji': '22.14'}"
88,hyeriss22,UCYiKn75j-BTqfWUh1Swew0Q_1,0.7,7.2,26.1,0.023255814,0.27,"{'comment1': 33, 'comment2': 7, 'comment3': 1, 'comment4': 1, 'comment5': 1, 'comment6': 1, 'comment7': 1, 'comment8': 0, 'comment9': 0, 'comment10': 0, 'over_10': 0}","{'ko': '98.61', 'emoji': '1.39'}"
89,soomikang12,UCYiKn75j-BTqfWUh1Swew0Q_2,23.1,4.8,21.6,0.196078431,0.63,"{'comment1': 27, 'comment2': 3, 'comment3': 1, 'comment4': 0, 'comment5': 1, 'comment6': 0, 'comment7': 1, 'comment8': 0, 'comment9': 0, 'comment10': 0, 'over_10': 0}","{'ko': '97.92', 'emoji': '2.08'}"
90,bbc0526,UCZ9vdyLmGse1LRHEY1HNYig,0.2,74.1,0,0.769230769,0.88,"{'comment1': 533, 'comment2': 75, 'comment3': 11, 'comment4': 2, 'comment5': 1, 'comment6': 0, 'comment7': 1, 'comment8': 0, 'comment9': 1, 'comment10': 0, 'over_10': 2}","{'ko': '93.36', 'emoji': '6.64'}"
91,jarring_tv,UCZSCOFQpUAN9pCdSwzBRs7g,21.5,2.2,7.4,10,0.3,"{'comment1': 8, 'comment2': 2, 'comment3': 0, 'comment4': 0, 'comment5': 0, 'comment6': 0, 'comment7': 0, 'comment8': 0, 'comment9': 0, 'comment10': 1, 'over_10': 0}","{'ko': '86.36', 'emoji': '13.64'}"
92,take_jung,UCZTjbqrV3s1zIWfEqliBhYA,4.1,6,5.1,0.12345679,0.62,"{'comment1': 32, 'comment2': 9, 'comment3': 2, 'comment4': 1, 'comment5': 0, 'comment6': 0, 'comment7': 0, 'comment8': 0, 'comment9': 0, 'comment10': 0, 'over_10': 0}","{'ko': '96.67', 'emoji': '3.33'}"
93,sanggung4,UCZUjLw9C0Tt3VECAhQO9buA,2.7,2.3,8.1,0.0102669405,0.11,"{'comment1': 12, 'comment2': 2, 'comment3': 1, 'comment4': 1, 'comment5': 0, 'comment6': 0, 'comment7': 0, 'comment8': 0, 'comment9': 0, 'comment10': 0, 'over_10': 0}",{'ko': '100.00'}
94,sophie.h.k,UCZe_uzZ6VLMXtwW2V9-VvpQ,10.2,27,0,0.15625,0.8,"{'comment1': 1161, 'comment2': 257, 'comment3': 95, 'comment4': 46, 'comment5': 20, 'comment6': 15, 'comment7': 8, 'comment8': 4, 'comment9': 7, 'comment10': 0, 'over_10': 11}","{'ko': '69.15', 'emoji': '30.85'}"
95,choggebi,UCZnrdNaOFqniv7qEEqQFvIg,2.2,11.9,0,0.151515152,0.22,"{'comment1': 37, 'comment2': 13, 'comment3': 4, 'comment4': 2, 'comment5': 2, 'comment6': 0, 'comment7': 1, 'comment8': 0, 'comment9': 0, 'comment10': 0, 'over_10': 1}","{'ko': '83.19', 'emoji': '16.81'}"
96,underkgshow,UC_0oo0GPlDUU88ubLDnJkSQ,5,11.9,13.1,0.25,0,"{'comment1': 75, 'comment2': 18, 'comment3': 1, 'comment4': 0, 'comment5': 1, 'comment6': 0, 'comment7': 0, 'comment8': 0, 'comment9': 0, 'comment10': 0, 'over_10': 0}",{'ko': '100.00'}
97,selfacoustic,UC_AIPNN0uH7H7p9e8lnVMVQ,2.2,12.3,176.7,0.204081633,0.4,"{'comment1': 34, 'comment2': 7, 'comment3': 1, 'comment4': 3, 'comment5': 0, 'comment6': 0, 'comment7': 0, 'comment8': 0, 'comment9': 1, 'comment10': 0, 'over_10': 1}","{'ko': '99.23', 'emoji': '0.77'}"
98,suzevi_asmr,UC_FPZVB4NDds9JUEOjmI5cQ,0.8,2.5,14.2,0.588235294,0.2,"{'comment1': 6, 'comment2': 0, 'comment3': 2, 'comment4': 1, 'comment5': 0, 'comment6': 0, 'comment7': 0, 'comment8': 0, 'comment9': 1, 'comment10': 0, 'over_10': 0}","{'ko': '72.00', 'emoji': '28.00'}"
99,hyokfork,UC_iY5S04dzWViz6cOgSUpjQ,0.8,26.8,0,0.163934426,0.83,"{'comment1': 164, 'comment2': 31, 'comment3': 4, 'comment4': 4, 'comment5': 1, 'comment6': 0, 'comment7': 2, 'comment8': 0, 'comment9': 0, 'comment10': 0, 'over_10': 1}","{'ko': '85.57', 'emoji': '14.43'}"
100,yuhadayo,UC_waGdcNiCWTv1GG9OvE23A,1,5.4,27.4,1,0.54,"{'comment1': 20, 'comment2': 3, 'comment3': 2, 'comment4': 1, 'comment5': 1, 'comment6': 1, 'comment7': 1, 'comment8': 0, 'comment9': 0, 'comment10': 0, 'over_10': 0}","{'ko': '92.59', 'emoji': '7.41'}"
101,__angoo,UCaPQb6zHlBXzdMW_QzKh1Kw,3.7,48.3,88.7,0.476190476,0.5,"{'comment1': 431, 'comment2': 83, 'comment3': 24, 'comment4': 9, 'comment5': 6, 'comment6': 0, 'comment7': 3, 'comment8': 0, 'comment9': 1, 'comment10': 0, 'over_10': 2}","{'ko': '92.46', 'emoji': '7.54'}"
102,rappeler.iam,UCa_ZCXMQ57PDcpE_3tPOW1g,0.9,7.6,0,0.384615385,0.8,"{'comment1': 44, 'comment2': 9, 'comment3': 0, 'comment4': 0, 'comment5': 0, 'comment6': 0, 'comment7': 2, 'comment8': 0, 'comment9': 0, 'comment10': 0, 'over_10': 0}","{'ko': '85.53', 'emoji': '14.47'}"
103,chuther_moon,UCacrG7qkY0tNtR5s4Fe_FXg,1.6,12,46.7,0.333333333,0.89,"{'comment1': 145, 'comment2': 24, 'comment3': 5, 'comment4': 3, 'comment5': 0, 'comment6': 4, 'comment7': 0, 'comment8': 0, 'comment9': 0, 'comment10': 0, 'over_10': 1}","{'ko': '85.77', 'emoji': '14.23'}"
104,yeseul0104,UCbDeLCyqxaZnLZDYpd5rnrA_1,0,66,0,2.5,0.67,"{'comment1': 449, 'comment2': 46, 'comment3': 9, 'comment4': 2, 'comment5': 3, 'comment6': 2, 'comment7': 3, 'comment8': 1, 'comment9': 1, 'comment10': 0, 'over_10': 1}","{'ko': '93.94', 'emoji': '6.06'}"
105,jung_g_o,UCbDeLCyqxaZnLZDYpd5rnrA_2,0.1,38.6,0,0.833333333,0.45,"{'comment1': 225, 'comment2': 30, 'comment3': 11, 'comment4': 4, 'comment5': 0, 'comment6': 3, 'comment7': 1, 'comment8': 1, 'comment9': 1, 'comment10': 1, 'over_10': 0}","{'ko': '80.83', 'emoji': '19.17'}"
106,wt830,UCbOwqHbQf0uspeRe7lY8e6Q,0,23.9,0,0.285714286,0.4,"{'comment1': 259, 'comment2': 37, 'comment3': 4, 'comment4': 0, 'comment5': 1, 'comment6': 0, 'comment7': 0, 'comment8': 0, 'comment9': 0, 'comment10': 0, 'over_10': 1}","{'ko': '92.86', 'emoji': '7.14'}"
107,koon1716,UCbfRcXCHe5I2RI6F8XIUQng,0.6,9.1,10.6,0.526315789,0.46,"{'comment1': 38, 'comment2': 9, 'comment3': 4, 'comment4': 2, 'comment5': 0, 'comment6': 1, 'comment7': 0, 'comment8': 0, 'comment9': 1, 'comment10': 0, 'over_10': 0}","{'ko': '83.52', 'emoji': '16.48'}"
108,yyyyyyyyyyhk,UCdpeN8LUQJlDDbRZQTWJBmA,0.5,8,44.1,0.833333333,0.8,"{'comment1': 64, 'comment2': 8, 'comment3': 1, 'comment4': 0, 'comment5': 0, 'comment6': 0, 'comment7': 0, 'comment8': 0, 'comment9': 0, 'comment10': 0, 'over_10': 1}","{'ko': '97.00', 'emoji': '3.00'}"
109,elina_4_22,UCdqBpUglsQXOL3aBJpxnIIw,0,186.8,0,0.909090909,0.79,"{'comment1': 1141, 'comment2': 158, 'comment3': 48, 'comment4': 23, 'comment5': 11, 'comment6': 9, 'comment7': 4, 'comment8': 1, 'comment9': 1, 'comment10': 1, 'over_10': 1}","{'ko': '69.27', 'emoji': '30.73'}"
110,health__keeper,UCdtRAcd3L_UpV4tMXCw63NQ,2.2,0.7,1.9,1,0.5,"{'comment1': 5, 'comment2': 0, 'comment3': 0, 'comment4': 0, 'comment5': 0, 'comment6': 0, 'comment7': 1, 'comment8': 0, 'comment9': 0, 'comment10': 0, 'over_10': 0}","{'emoji': '58.33', 'ko': '41.67'}"
111,yonkotv,UCelPbnoAuzgRDFJAsJ4Du7A,4.2,16.3,17.5,0.277777778,0.44,"{'comment1': 76, 'comment2': 20, 'comment3': 2, 'comment4': 5, 'comment5': 3, 'comment6': 2, 'comment7': 1, 'comment8': 0, 'comment9': 0, 'comment10': 0, 'over_10': 0}",{'ko': '100.00'}
112,xx_jdh,UCexnMWt_GyyAIkLCn7x36nw,1.5,11.1,110,0.217391304,0.91,"{'comment1': 60, 'comment2': 8, 'comment3': 4, 'comment4': 1, 'comment5': 1, 'comment6': 0, 'comment7': 0, 'comment8': 0, 'comment9': 0, 'comment10': 0, 'over_10': 1}","{'ko': '92.13', 'emoji': '7.87'}"
113,youlakk,UCgDlijNPh7yHQNv0YdL11fQ,0.1,75.2,1.6,0.909090909,1,"{'comment1': 582, 'comment2': 71, 'comment3': 13, 'comment4': 2, 'comment5': 3, 'comment6': 0, 'comment7': 1, 'comment8': 0, 'comment9': 1, 'comment10': 0, 'over_10': 0}","{'ko': '98.00', 'emoji': '2.00'}"
114,ryuseok_bike,UCgES377cbdgiVbLUHjHo9aA,2.3,8.2,0,0.909090909,0.22,"{'comment1': 35, 'comment2': 10, 'comment3': 5, 'comment4': 2, 'comment5': 0, 'comment6': 0, 'comment7': 0, 'comment8': 0, 'comment9': 0, 'comment10': 0, 'over_10': 1}","{'ko': '75.49', 'emoji': '24.51'}"
115,englishinkorean,UCgcJ1AA_mprxc-m9iHYdrDQ,7.5,35.8,55.2,0.0490196078,0.31,"{'comment1': 218, 'comment2': 32, 'comment3': 8, 'comment4': 6, 'comment5': 2, 'comment6': 1, 'comment7': 0, 'comment8': 0, 'comment9': 0, 'comment10': 0, 'over_10': 1}","{'ko': '97.49', 'emoji': '2.51'}"
116,maxtrong_kiho,UChWJavW1PbvAkPTcB06EeIg,13.7,13.8,87,0.434782609,0.38,"{'comment1': 76, 'comment2': 9, 'comment3': 2, 'comment4': 1, 'comment5': 0, 'comment6': 0, 'comment7': 0, 'comment8': 1, 'comment9': 0, 'comment10': 0, 'over_10': 1}",{'ko': '100.00'}
117,minhotaurs,UCiiC3grOarOVIg5LZgXJnWw,2.7,7.8,73.3,0.027027027,0.41,"{'comment1': 33, 'comment2': 4, 'comment3': 2, 'comment4': 1, 'comment5': 0, 'comment6': 0, 'comment7': 0, 'comment8': 0, 'comment9': 0, 'comment10': 0, 'over_10': 1}","{'ko': '98.72', 'emoji': '1.28'}"
118,life.kimiforest,UCip2Wb2oWTMVvCaVPherr3Q,2.3,2.5,34.1,0.196078431,0.09,"{'comment1': 15, 'comment2': 2, 'comment3': 2, 'comment4': 0, 'comment5': 0, 'comment6': 0, 'comment7': 0, 'comment8': 0, 'comment9': 0, 'comment10': 0, 'over_10': 0}","{'ko': '96.00', 'emoji': '4.00'}"
119,asmrsoupe,UCjCDp8b2wtGIiaC3ZqKomSQ,2.2,21.6,272.7,0.0384615385,0.13,"{'comment1': 66, 'comment2': 19, 'comment3': 2, 'comment4': 1, 'comment5': 1, 'comment6': 1, 'comment7': 1, 'comment8': 0, 'comment9': 0, 'comment10': 0, 'over_10': 3}","{'ko': '96.76', 'emoji': '3.24'}"
120,4delight,UCk3bmbMO_M8qrpCFHTU__AA,1.7,3.3,3.2,0.434782609,0.56,"{'comment1': 22, 'comment2': 4, 'comment3': 1, 'comment4': 0, 'comment5': 0, 'comment6': 0, 'comment7': 0, 'comment8': 0, 'comment9': 0, 'comment10': 0, 'over_10': 0}","{'ko': '96.97', 'emoji': '3.03'}"
121,cornu_ryu,UCkGLGs2ZCNRSlOs9s-8S_qA,1.9,14,0,0.666666667,1,"{'comment1': 83, 'comment2': 12, 'comment3': 4, 'comment4': 1, 'comment5': 0, 'comment6': 0, 'comment7': 1, 'comment8': 0, 'comment9': 0, 'comment10': 0, 'over_10': 1}","{'ko': '81.12', 'emoji': '18.88'}"
122,real_quaddurup,UCkQCwnkQfgSuPTTnw_Y7v7w,0.4,71.5,0,0.909090909,0.64,"{'comment1': 381, 'comment2': 73, 'comment3': 19, 'comment4': 5, 'comment5': 7, 'comment6': 4, 'comment7': 2, 'comment8': 1, 'comment9': 4, 'comment10': 3, 'over_10': 1}","{'ko': '96.60', 'emoji': '3.40'}"
123,pik4chu_44,UCkQWAIUktzea2l8xT1GyVSg,0.2,3.2,34.4,0.078125,0.32,"{'comment1': 10, 'comment2': 1, 'comment3': 2, 'comment4': 1, 'comment5': 0, 'comment6': 0, 'comment7': 0, 'comment8': 0, 'comment9': 0, 'comment10': 0, 'over_10': 1}",{'ko': '100.00'}
124,acau1197,UCkmzHPB67JpEf2S5Ux9bfDg,1.7,119.6,13.6,0.172413793,0.73,"{'comment1': 454, 'comment2': 120, 'comment3': 45, 'comment4': 29, 'comment5': 15, 'comment6': 8, 'comment7': 6, 'comment8': 0, 'comment9': 7, 'comment10': 1, 'over_10': 1}","{'ko': '96.32', 'emoji': '3.68'}"
125,sojin282,UClSFlUAMQ-Yv002g8LlCqgQ,0.2,20.8,3.6,0.37037037,0.82,"{'comment1': 120, 'comment2': 28, 'comment3': 13, 'comment4': 0, 'comment5': 0, 'comment6': 1, 'comment7': 0, 'comment8': 0, 'comment9': 0, 'comment10': 0, 'over_10': 0}","{'ko': '90.95', 'emoji': '9.05'}"
126,seoulian.h,UClfR70cO8tFZHNCbBZsMw0Q,5.6,10,26.6,0.25,0.75,"{'comment1': 48, 'comment2': 11, 'comment3': 3, 'comment4': 2, 'comment5': 0, 'comment6': 0, 'comment7': 0, 'comment8': 3, 'comment9': 0, 'comment10': 0, 'over_10': 0}","{'ko': '96.40', 'emoji': '3.60'}"
127,mjangarax,UCm-4I6ACQ9qFj-M_8xynf5g,0,102.3,0,0.3125,0.92,"{'comment1': 627, 'comment2': 108, 'comment3': 22, 'comment4': 12, 'comment5': 1, 'comment6': 1, 'comment7': 3, 'comment8': 1, 'comment9': 1, 'comment10': 0, 'over_10': 1}","{'ko': '82.50', 'emoji': '17.50'}"
128,snceckie,UCmgRYMK5d65PbjN8qkjAUBA,0.9,3.4,0,0.185185185,0.33,"{'comment1': 18, 'comment2': 5, 'comment3': 2, 'comment4': 0, 'comment5': 0, 'comment6': 0, 'comment7': 0, 'comment8': 0, 'comment9': 0, 'comment10': 0, 'over_10': 0}","{'ko': '97.06', 'emoji': '2.94'}"
129,psj9434,UCnNfsLEukKS1ExbQ4HyGjBA_1,0.2,14.7,8.3,0.0217391304,0.25,"{'comment1': 124, 'comment2': 5, 'comment3': 3, 'comment4': 1, 'comment5': 0, 'comment6': 0, 'comment7': 0, 'comment8': 0, 'comment9': 0, 'comment10': 0, 'over_10': 0}","{'ko': '91.84', 'emoji': '8.16'}"
130,mikyungkim_kr,UCnaGfDaiM-pM1l-SXYpq37Q,3.1,34.9,0,1.666666667,0.9,"{'comment1': 215, 'comment2': 32, 'comment3': 7, 'comment4': 5, 'comment5': 0, 'comment6': 0, 'comment7': 1, 'comment8': 0, 'comment9': 0, 'comment10': 0, 'over_10': 1}","{'ko': '85.10', 'emoji': '14.90'}"
131,becky.tommy,UCo1FPeP7toPbyxMs18Di0VQ,12.1,16.4,0,0.035335689,0,"{'comment1': 89, 'comment2': 13, 'comment3': 2, 'comment4': 3, 'comment5': 3, 'comment6': 1, 'comment7': 0, 'comment8': 0, 'comment9': 0, 'comment10': 1, 'over_10': 0}","{'ko': '95.12', 'emoji': '4.88'}"
132,hi_bambigirl,UCoc7dhgfCpAMMB6UNEdTtJQ,1.4,40.3,114.9,0.625,0.91,"{'comment1': 275, 'comment2': 37, 'comment3': 6, 'comment4': 1, 'comment5': 1, 'comment6': 1, 'comment7': 0, 'comment8': 0, 'comment9': 0, 'comment10': 0, 'over_10': 1}","{'ko': '96.03', 'emoji': '3.97'}"
133,hoo.4u,UCp94pzrtA5wPyZazbDq0CXA,2.8,15.8,22.2,0.0680272109,0.67,"{'comment1': 71, 'comment2': 18, 'comment3': 7, 'comment4': 1, 'comment5': 1, 'comment6': 1, 'comment7': 1, 'comment8': 1, 'comment9': 0, 'comment10': 0, 'over_10': 0}","{'ko': '96.20', 'emoji': '3.80'}"
134,redtomatotube,UCqeOY0kedIjM9cfuBes4BSQ,0.7,5.3,0,0.4,0.09,"{'comment1': 31, 'comment2': 5, 'comment3': 1, 'comment4': 1, 'comment5': 1, 'comment6': 0, 'comment7': 0, 'comment8': 0, 'comment9': 0, 'comment10': 0, 'over_10': 0}","{'ko': '84.91', 'emoji': '15.09'}"
135,owlsreview,UCrBpV_pG2kyMMEHCMTNzjAQ,0.9,3.2,28,0.0434782609,0.3,"{'comment1': 8, 'comment2': 3, 'comment3': 0, 'comment4': 1, 'comment5': 0, 'comment6': 1, 'comment7': 0, 'comment8': 1, 'comment9': 0, 'comment10': 0, 'over_10': 0}","{'ko': '93.75', 'emoji': '6.25'}"
136,the__scoop,UCrEhjhZS6XUaZQ0_xgKPkRQ,0.2,10.5,37.5,1.428571429,0.58,"{'comment1': 85, 'comment2': 12, 'comment3': 3, 'comment4': 3, 'comment5': 0, 'comment6': 0, 'comment7': 0, 'comment8': 0, 'comment9': 0, 'comment10': 0, 'over_10': 1}","{'ko': '96.50', 'emoji': '3.50'}"
137,seon_y_j?hl=en,UCsU2RlGgybcLzfmBqnTx-Rw,0.9,244.9,0,1,0.9,"{'comment1': 1853, 'comment2': 240, 'comment3': 24, 'comment4': 6, 'comment5': 1, 'comment6': 0, 'comment7': 0, 'comment8': 0, 'comment9': 0, 'comment10': 0, 'over_10': 1}","{'ko': '98.82', 'emoji': '1.18'}"
138,rheehye,UCse0BZUEgpbPyyt-S9iqttw,5.7,0.7,8.1,0.322580645,0.43,"{'comment1': 4, 'comment2': 0, 'comment3': 1, 'comment4': 0, 'comment5': 0, 'comment6': 0, 'comment7': 0, 'comment8': 0, 'comment9': 0, 'comment10': 0, 'over_10': 0}",{'ko': '100.00'}
139,gjqm056,UCtCnnCUn9IDDQRU9_04JD3g,1.4,14.3,10.8,0.4,0.43,"{'comment1': 104, 'comment2': 18, 'comment3': 1, 'comment4': 0, 'comment5': 0, 'comment6': 0, 'comment7': 0, 'comment8': 0, 'comment9': 0, 'comment10': 0, 'over_10': 0}","{'ko': '93.01', 'emoji': '6.99'}"
140,moayowagon,UCtJpqaQ0XAmX5uYZ48crOdQ,0.4,37.1,8.7,0.0502512563,0.3,"{'comment1': 173, 'comment2': 49, 'comment3': 16, 'comment4': 4, 'comment5': 3, 'comment6': 2, 'comment7': 0, 'comment8': 0, 'comment9': 1, 'comment10': 0, 'over_10': 0}","{'ko': '96.23', 'emoji': '3.77'}"
141,hong_cinema,UCtwxuughKbSAV0e4bnz4ORg,2.4,24.4,358.6,0.04048583,0,"{'comment1': 33, 'comment2': 10, 'comment3': 5, 'comment4': 4, 'comment5': 5, 'comment6': 1, 'comment7': 0, 'comment8': 0, 'comment9': 0, 'comment10': 2, 'over_10': 2}",{'ko': '100.00'}
142,gagkimminkyoung,UCuLHDMXUqV5JR8Qv-FpwF8g,0,53.5,0,0.120481928,0.67,"{'comment1': 307, 'comment2': 46, 'comment3': 7, 'comment4': 5, 'comment5': 6, 'comment6': 4, 'comment7': 1, 'comment8': 2, 'comment9': 2, 'comment10': 0, 'over_10': 0}","{'ko': '93.08', 'emoji': '6.92'}"
143,videovillage_official,UCuSaFvVbK9QpZlbn8Vf34RA,7,5.2,32,0.714285714,0.48,"{'comment1': 65, 'comment2': 18, 'comment3': 1, 'comment4': 0, 'comment5': 0, 'comment6': 0, 'comment7': 0, 'comment8': 0, 'comment9': 0, 'comment10': 0, 'over_10': 1}","{'ko': '96.67', 'emoji': '3.33'}"
144,omarinrainbow,UCvdvPu_7TTcrZz1nGh98Sqg,2.8,25.3,53.7,0.588235294,0.43,"{'comment1': 139, 'comment2': 23, 'comment3': 5, 'comment4': 3, 'comment5': 1, 'comment6': 0, 'comment7': 0, 'comment8': 0, 'comment9': 0, 'comment10': 0, 'over_10': 2}","{'ko': '93.68', 'emoji': '6.32'}"
145,doyeong__2,UCw_VHcLeiSSXA8SSk0dbwkA,1.1,34.3,165.5,0.23255814,1,"{'comment1': 155, 'comment2': 32, 'comment3': 13, 'comment4': 3, 'comment5': 5, 'comment6': 2, 'comment7': 0, 'comment8': 0, 'comment9': 0, 'comment10': 1, 'over_10': 1}","{'ko': '91.03', 'emoji': '8.97'}"
146,jaelimize,UCwjC8HF8XvKao88oJdCmJ5Q,1,2.4,206.9,5,0.91,"{'comment1': 3, 'comment2': 1, 'comment3': 0, 'comment4': 0, 'comment5': 0, 'comment6': 0, 'comment7': 0, 'comment8': 0, 'comment9': 0, 'comment10': 0, 'over_10': 1}","{'ko': '66.67', 'emoji': '33.33'}"
147,kiddy42815,UCwvuDW6OjHyAcQUms9X31dg,12.2,32.8,25.9,0.625,0.88,"{'comment1': 97, 'comment2': 20, 'comment3': 18, 'comment4': 3, 'comment5': 4, 'comment6': 0, 'comment7': 1, 'comment8': 5, 'comment9': 2, 'comment10': 2, 'over_10': 2}","{'ko': '92.77', 'emoji': '7.23'}"
148,usona_official,UCxeWKVovE_mKNRCwAlpL87A,1.2,76.9,2.8,0.111111111,0.67,"{'comment1': 321, 'comment2': 88, 'comment3': 19, 'comment4': 19, 'comment5': 5, 'comment6': 5, 'comment7': 6, 'comment8': 3, 'comment9': 2, 'comment10': 0, 'over_10': 0}","{'ko': '88.17', 'emoji': '11.83'}"
149,mom_zzz_official,UCxgAdCqJvjvrF7LNqSAgzSg,6.5,14.3,0,0.322580645,0.5,"{'comment1': 84, 'comment2': 12, 'comment3': 7, 'comment4': 1, 'comment5': 2, 'comment6': 0, 'comment7': 0, 'comment8': 0, 'comment9': 0, 'comment10': 0, 'over_10': 0}","{'ko': '81.12', 'emoji': '18.88'}"
150,bigmintv,UCxmBxNybpaLO7x61dm0oD8w,2,15.7,12,0.208333333,0.38,"{'comment1': 88, 'comment2': 16, 'comment3': 4, 'comment4': 1, 'comment5': 3, 'comment6': 1, 'comment7': 0, 'comment8': 0, 'comment9': 0, 'comment10': 0, 'over_10': 0}","{'ko': '93.63', 'emoji': '6.37'}"
151,magicianjhl,UCxp9XKFw-lMTlIa_2yrfdqQ,1,19,0,0.416666667,0.67,"{'comment1': 80, 'comment2': 13, 'comment3': 6, 'comment4': 2, 'comment5': 4, 'comment6': 1, 'comment7': 1, 'comment8': 2, 'comment9': 1, 'comment10': 0, 'over_10': 0}","{'ko': '90.53', 'emoji': '9.47'}"
152,twitch.seungdal,UCxx7UvIhPkEQxaplaWS2hLg,0,48.3,0,0.204081633,0.55,"{'comment1': 213, 'comment2': 36, 'comment3': 16, 'comment4': 6, 'comment5': 2, 'comment6': 1, 'comment7': 4, 'comment8': 1, 'comment9': 2, 'comment10': 2, 'over_10': 3}","{'ko': '93.17', 'emoji': '6.83'}"
153,jaykeeout,UCyTQoMLiPfsRLHBJBtMXKYg_1,0.7,18.2,12.6,0.526315789,0.79,"{'comment1': 133, 'comment2': 21, 'comment3': 3, 'comment4': 1, 'comment5': 0, 'comment6': 0, 'comment7': 1, 'comment8': 0, 'comment9': 0, 'comment10': 0, 'over_10': 0}","{'ko': '88.21', 'emoji': '11.79'}"
154,geekble_easyone,UCyTQoMLiPfsRLHBJBtMXKYg_2,3.4,6.3,60.7,0.769230769,0.73,"{'comment1': 14, 'comment2': 9, 'comment3': 0, 'comment4': 0, 'comment5': 2, 'comment6': 0, 'comment7': 0, 'comment8': 0, 'comment9': 0, 'comment10': 0, 'over_10': 2}","{'ko': '98.59', 'emoji': '1.41'}"
155,koktv_official,UCybPxZoFDPR1qbN04daAc2g,6.6,3.8,18.4,0.555555556,1,"{'comment1': 22, 'comment2': 2, 'comment3': 0, 'comment4': 0, 'comment5': 1, 'comment6': 0, 'comment7': 1, 'comment8': 0, 'comment9': 0, 'comment10': 0, 'over_10': 0}","{'ko': '89.47', 'emoji': '10.53'}"
156,8beube8,UCz1A9dqnK1fS0f92OG_voEw,2,72.4,0,0.101010101,0.17,"{'comment1': 242, 'comment2': 71, 'comment3': 37, 'comment4': 11, 'comment5': 11, 'comment6': 7, 'comment7': 3, 'comment8': 4, 'comment9': 0, 'comment10': 1, 'over_10': 2}","{'ko': '96.55', 'emoji': '3.45'}"
157,minni__world,UCzlZ-o36GFz_hTB2br_Noow,1.6,22.7,125.5,0.666666667,0.94,"{'comment1': 56, 'comment2': 16, 'comment3': 7, 'comment4': 1, 'comment5': 0, 'comment6': 2, 'comment7': 1, 'comment8': 0, 'comment9': 2, 'comment10': 1, 'over_10': 1}","{'ko': '96.04', 'emoji': '3.96'}"
158,danse_jin,UCzuVLt12gtYVshSV7s-JfZQ,2,11.8,139.6,0.588235294,0.89,"{'comment1': 63, 'comment2': 10, 'comment3': 7, 'comment4': 1, 'comment5': 1, 'comment6': 0, 'comment7': 0, 'comment8': 0, 'comment9': 0, 'comment10': 0, 'over_10': 1}","{'ko': '95.32', 'emoji': '4.68'}"
159,deejaysoda,UCzxwychp2Jv_scCVwPj2Zaw,0,317.3,0,2.5,1,"{'comment1': 2065, 'comment2': 262, 'comment3': 56, 'comment4': 30, 'comment5': 12, 'comment6': 5, 'comment7': 1, 'comment8': 6, 'comment9': 3, 'comment10': 5, 'over_10': 6}","{'ko': '69.56', 'emoji': '30.44'}"
